Lateral um,Raw Nanometer
0.0,15.03
3.1,13.32
6.3,10.87
9.4,8.41
12.5,6.42
15.6,4.77
18.8,3.81
21.9,2.79
25.0,1.67
28.1,0.34
31.3,-1.24
34.4,-1.20
37.5,-0.72
40.7,0.28
43.8,2.13
46.9,2.47
50.0,-3.13
53.2,-17.25
56.3,-33.48
59.4,-48.84
62.6,-53.46
65.7,-51.86
68.8,-46.83
71.9,-40.64
75.1,-34.87
78.2,-35.64
81.3,-54.93
84.5,-100.31
87.6,-146.19
90.7,-176.13
93.8,-166.67
97.0,-29.65
100.1,209.75
103.2,434.72
106.3,556.66
109.5,586.68
112.6,566.36
115.7,514.76
118.9,461.67
122.0,409.40
125.1,352.02
128.2,296.41
131.4,244.88
134.5,200.33
137.6,162.21
140.8,130.85
143.9,104.23
147.0,83.52
150.1,65.55
153.3,51.96
156.4,40.75
159.5,32.90
162.6,26.48
165.8,22.37
168.9,18.24
172.0,15.58
175.2,12.69
178.3,10.98
181.4,9.18
184.5,9.00
187.7,8.49
190.8,9.11
193.9,8.74
197.1,8.78
200.2,7.84
203.3,7.52
206.4,6.72
209.6,7.34
212.7,7.83
215.8,7.98
218.9,7.71
222.1,7.43
225.2,6.60
228.3,6.44
231.5,6.69
234.6,6.90
237.7,7.12
240.8,7.36
244.0,6.92
247.1,6.17
250.2,5.62
253.3,5.15
256.5,5.34
259.6,5.80
262.7,5.88
265.9,5.78
269.0,5.54
272.1,4.92
275.2,4.97
278.4,5.77
281.5,6.32
284.6,6.56
287.8,6.65
290.9,6.42
294.0,5.98
297.1,5.93
300.3,5.96
303.4,6.14
306.5,6.61
309.6,6.79
312.8,6.92
315.9,6.97
319.0,6.82
322.2,7.14
325.3,7.19
328.4,7.31
331.5,7.75
334.7,8.19
337.8,8.10
340.9,8.04
344.1,8.02
347.2,7.89
350.3,7.92
353.4,8.15
356.6,8.51
359.7,8.77
362.8,9.17
365.9,9.03
369.1,8.90
372.2,8.66
375.3,8.48
378.5,8.75
381.6,9.27
384.7,9.56
387.8,9.93
391.0,9.98
394.1,9.73
397.2,9.53
400.4,10.57
403.5,18.09
406.6,144.54
409.7,406.52
412.9,873.72
416.0,1507.55
419.1,2092.09
422.3,2388.07
425.4,2609.34
428.5,2489.46
431.6,2220.40
434.8,1903.63
437.9,1593.96
441.0,1326.49
444.1,1094.55
447.3,894.32
450.4,723.45
453.5,582.10
456.7,465.25
459.8,371.00
462.9,294.33
466.0,233.86
469.2,185.30
472.3,147.60
475.4,118.03
478.6,95.23
481.7,77.38
484.8,63.32
487.9,52.33
491.1,43.63
494.2,37.26
497.3,32.10
500.4,28.79
503.6,25.86
506.7,24.08
509.8,22.10
513.0,21.00
516.1,19.23
519.2,18.86
522.3,18.33
525.5,18.59
528.6,18.12
531.7,18.58
534.9,17.76
538.0,17.68
541.1,16.97
544.2,17.34
547.4,16.96
550.5,17.84
553.6,17.77
556.7,18.21
559.9,18.12
563.0,18.32
566.1,17.81
569.3,18.14
572.4,18.13
575.5,18.69
578.6,18.83
581.8,19.31
584.9,19.08
588.0,19.23
591.1,18.90
594.3,18.90
597.4,18.84
600.5,19.24
603.7,19.26
606.8,19.65
609.9,19.79
613.0,19.74
616.2,19.63
619.3,19.34
622.4,19.10
625.6,19.30
628.7,19.39
631.8,19.72
634.9,19.75
638.1,19.47
641.2,18.98
644.3,18.90
647.5,18.73
650.6,18.63
653.7,18.71
656.8,18.65
660.0,18.27
663.1,18.07
666.2,17.73
669.3,17.47
672.5,17.56
675.6,17.71
678.7,17.81
681.9,17.82
685.0,17.11
688.1,16.72
691.2,16.65
694.4,16.89
697.5,17.12
700.6,17.46
703.8,17.60
706.9,17.38
710.0,17.39
713.1,17.10
716.3,16.89
719.4,17.30
722.5,17.51
725.6,17.73
728.8,18.05
731.9,17.91
735.0,17.57
738.2,17.62
741.3,17.73
744.4,17.90
747.5,18.22
750.7,18.18
753.8,17.80
756.9,17.40
760.0,17.05
763.2,16.95
766.3,17.31
769.4,17.56
772.6,17.50
775.7,17.49
778.8,17.01
781.9,16.88
785.1,17.07
788.2,17.27
791.3,17.59
794.5,18.16
797.6,18.59
800.7,18.86
803.8,18.79
807.0,18.58
810.1,18.52
813.2,18.84
816.4,19.12
819.5,19.56
822.6,20.00
825.7,20.18
828.9,20.07
832.0,19.92
835.1,19.27
838.2,19.14
841.4,19.60
844.5,19.84
847.6,20.17
850.8,20.36
853.9,20.16
857.0,19.87
860.1,19.87
863.3,19.69
866.4,19.65
869.5,20.15
872.6,20.69
875.8,20.61
878.9,20.60
882.0,20.22
885.2,20.05
888.3,20.22
891.4,20.78
894.5,21.44
897.7,22.06
900.8,22.02
903.9,21.85
907.1,21.65
910.2,21.57
913.3,21.69
916.4,22.11
919.6,22.70
922.7,22.75
925.8,22.63
929.0,22.38
932.1,22.19
935.2,22.35
938.3,22.45
941.5,22.99
944.6,23.50
947.7,23.72
950.8,23.90
954.0,23.80
957.1,23.33
960.2,23.27
963.4,23.81
966.5,24.23
969.6,24.68
972.7,24.79
975.9,24.47
979.0,23.72
982.1,23.71
985.3,23.61
988.4,23.66
991.5,24.02
994.6,24.18
997.8,24.09
1000.9,24.08
1004.0,23.70
1007.1,23.37
1010.3,23.47
1013.4,24.01
1016.5,24.33
1019.7,24.91
1022.8,24.81
1025.9,24.40
1029.0,24.23
1032.2,24.33
1035.3,24.42
1038.4,25.16
1041.6,25.78
1044.7,25.88
1047.8,25.82
1050.9,25.54
1054.1,25.01
1057.2,24.77
1060.3,25.10
1063.4,25.66
1066.6,26.15
1069.7,26.51
1072.8,26.29
1076.0,25.71
1079.1,25.28
1082.2,25.17
1085.3,25.72
1088.5,26.45
1091.6,27.07
1094.7,27.17
1097.8,26.86
1101.0,26.28
1104.1,25.99
1107.2,26.27
1110.4,26.87
1113.5,27.80
1116.6,28.44
1119.7,28.38
1122.9,27.98
1126.0,27.46
1129.1,27.30
1132.3,27.65
1135.4,28.10
1138.5,28.52
1141.6,28.83
1144.8,28.66
1147.9,27.92
1151.0,27.67
1154.2,27.38
1157.3,27.39
1160.4,27.59
1163.5,27.65
1166.7,27.31
1169.8,26.99
1172.9,26.65
1176.0,26.00
1179.2,25.89
1182.3,25.92
1185.4,25.90
1188.6,25.87
1191.7,25.53
1194.8,24.81
1197.9,24.23
1201.1,26.12
1204.2,35.36
1207.3,42.84
1210.5,46.05
1213.6,45.69
1216.7,44.29
1219.8,41.57
1223.0,38.90
1226.1,36.23
1229.2,34.66
1232.3,32.86
1235.5,31.62
1238.6,29.84
1241.7,28.28
1244.9,26.80
1248.0,25.96
1251.1,25.46
1254.2,25.57
1257.4,25.32
1260.5,25.46
1263.6,25.31
1266.8,24.95
1269.9,24.45
1273.0,19.96
1276.1,22.90
1279.3,35.70
1282.4,56.99
1285.5,77.51
1288.6,91.57
1291.8,88.50
1294.9,83.86
1298.0,74.66
1301.2,68.60
1304.3,60.69
1307.4,55.68
1310.5,49.59
1313.7,45.88
1316.8,40.56
1319.9,37.80
1323.1,33.89
1326.2,32.35
1329.3,30.27
1332.4,30.29
1335.6,28.74
1338.7,28.69
1341.8,27.01
1344.9,26.20
1348.1,24.89
1351.2,25.30
1354.3,24.86
1357.5,28.56
1360.6,29.01
1363.7,29.50
1366.8,28.14
1370.0,27.87
1373.1,26.55
1376.2,26.67
1379.3,25.80
1382.5,26.02
1385.6,25.14
1388.7,25.19
1391.9,24.09
1395.0,24.17
1398.1,23.75
1401.2,24.11
1404.4,23.92
1407.5,23.92
1410.6,23.09
1413.8,23.05
1416.9,22.33
1420.0,22.20
1423.1,21.92
1426.3,22.13
1429.4,22.00
1432.5,22.36
1435.7,22.27
1438.8,22.26
1441.9,21.96
1445.0,22.01
1448.2,21.92
1451.3,22.33
1454.4,22.66
1457.5,22.69
1460.7,22.85
1463.8,22.58
1466.9,22.21
1470.1,22.21
1473.2,22.44
1476.3,22.28
1479.4,22.13
1482.6,21.94
1485.7,21.70
1488.8,21.29
1492.0,21.04
1495.1,20.57
1498.2,20.76
1501.3,20.88
1504.5,21.16
1507.6,20.93
1510.7,20.64
1513.8,19.85
1517.0,19.50
1520.1,19.27
1523.2,19.69
1526.4,20.01
1529.5,20.20
1532.6,19.82
1535.7,19.09
1538.9,18.18
1542.0,17.54
1545.1,17.20
1548.3,17.45
1551.4,17.32
1554.5,17.37
1557.6,17.03
1560.8,16.45
1563.9,15.98
1567.0,15.74
1570.1,15.85
1573.3,15.99
1576.4,16.17
1579.5,16.57
1582.7,17.99
1585.8,20.50
1588.9,46.72
1592.0,202.68
1595.2,601.22
1598.3,1222.49
1601.4,1854.77
1604.6,1995.20
1607.7,2212.94
1610.8,2165.77
1613.9,2064.85
1617.1,1824.64
1620.2,1601.50
1623.3,1280.47
1626.4,979.98
1629.6,667.34
1632.7,432.77
1635.8,286.12
1639.0,197.16
1642.1,138.63
1645.2,96.82
1648.3,72.16
1651.5,51.92
1654.6,41.14
1657.7,30.54
1660.8,26.00
1664.0,22.21
1667.1,26.16
1670.2,30.71
1673.4,31.03
1676.5,30.97
1679.6,28.86
1682.7,27.18
1685.9,24.47
1689.0,23.82
1692.1,22.50
1695.3,21.65
1698.4,20.36
1701.5,19.31
1704.6,20.98
1707.8,22.96
1710.9,23.13
1714.0,22.80
1717.2,22.26
1720.3,21.41
1723.4,21.03
1726.5,19.98
1729.7,18.67
1732.8,17.46
1735.9,16.85
1739.0,15.84
1742.2,15.80
1745.3,15.77
1748.4,15.70
1751.6,15.03
1754.7,14.56
1757.8,13.73
1760.9,13.42
1764.1,13.45
1767.2,13.43
1770.3,13.94
1773.5,14.57
1776.6,14.35
1779.7,14.18
1782.8,13.63
1786.0,13.31
1789.1,13.34
1792.2,14.22
1795.3,14.90
1798.5,15.29
1801.6,15.34
1804.7,14.89
1807.9,14.68
1811.0,15.18
1814.1,15.61
1817.2,16.10
1820.4,16.89
1823.5,17.28
1826.6,17.29
1829.8,17.03
1832.9,16.87
1836.0,17.15
1839.1,17.51
1842.3,17.92
1845.4,18.36
1848.5,18.29
1851.6,18.06
1854.8,17.64
1857.9,17.43
1861.0,17.12
1864.2,17.08
1867.3,17.14
1870.4,17.09
1873.5,17.03
1876.7,16.56
1879.8,25.34
1882.9,43.37
1886.1,66.18
1889.2,89.93
1892.3,110.40
1895.4,123.68
1898.6,126.42
1901.7,116.50
1904.8,102.05
1907.9,86.06
1911.1,72.82
1914.2,61.07
1917.3,50.90
1920.5,43.05
1923.6,39.71
1926.7,38.16
1929.8,46.97
1933.0,49.89
1936.1,48.85
1939.2,38.09
1942.3,-24.77
1945.5,-185.16
1948.6,-407.09
1951.7,-648.57
1954.9,-888.51
1958.0,-1109.07
1961.1,-1304.44
1964.2,-1472.02
1967.4,-1613.17
1970.5,-1730.28
1973.6,-1825.70
1976.8,-1902.17
1979.9,-1962.27
1983.0,-2005.15
1986.1,-2035.16
1989.3,-2058.22
1992.4,-2072.84
1995.5,-2087.10
1998.7,-2097.26
2001.8,-2107.40
2004.9,-2108.42
2008.0,-2103.28
2011.2,-2094.64
2014.3,-2083.65
2017.4,-2071.27
2020.5,-2058.28
2023.7,-2044.79
2026.8,-2030.38
2029.9,-2014.77
2033.1,-1993.41
2036.2,-1969.91
2039.3,-1944.89
2042.4,-1920.26
2045.6,-1897.59
2048.7,-1876.49
2051.8,-1857.80
2054.9,-1840.19
2058.1,-1825.38
2061.2,-1812.28
2064.3,-1802.18
2067.5,-1792.85
2070.6,-1787.24
2073.7,-1789.41
2076.8,-1807.98
2080.0,-1832.40
2083.1,-1862.42
2086.2,-1890.87
2089.4,-1917.19
2092.5,-1940.29
2095.6,-1961.20
2098.7,-1977.10
2101.9,-1987.80
2105.0,-1992.35
2108.1,-1991.11
2111.3,-1981.57
2114.4,-1964.95
2117.5,-1943.74
2120.6,-1919.16
2123.8,-1893.96
2126.9,-1869.77
2130.0,-1847.10
2133.1,-1826.66
2136.3,-1808.67
2139.4,-1794.23
2142.5,-1782.06
2145.7,-1773.47
2148.8,-1766.14
2151.9,-1762.80
2155.0,-1763.42
2158.2,-1765.28
2161.3,-1766.31
2164.4,-1766.51
2167.6,-1765.08
2170.7,-1761.05
2173.8,-1756.78
2176.9,-1751.32
2180.1,-1743.09
2183.2,-1732.78
2186.3,-1720.55
2189.4,-1707.96
2192.6,-1695.06
2195.7,-1680.05
2198.8,-1664.68
2202.0,-1649.39
2205.1,-1636.26
2208.2,-1626.45
2211.3,-1618.55
2214.5,-1610.17
2217.6,-1602.72
2220.7,-1594.85
2223.8,-1586.83
2227.0,-1578.22
2230.1,-1571.37
2233.2,-1564.87
2236.4,-1559.43
2239.5,-1554.91
2242.6,-1551.27
2245.7,-1548.67
2248.9,-1546.53
2252.0,-1544.39
2255.1,-1542.99
2258.3,-1541.44
2261.4,-1539.26
2264.5,-1537.23
2267.6,-1534.04
2270.8,-1530.00
2273.9,-1525.21
2277.0,-1519.54
2280.2,-1513.41
2283.3,-1507.44
2286.4,-1501.51
2289.5,-1494.65
2292.7,-1487.23
2295.8,-1480.35
2298.9,-1476.80
2302.0,-1475.17
2305.2,-1474.65
2308.3,-1476.33
2311.4,-1478.31
2314.6,-1480.30
2317.7,-1481.30
2320.8,-1481.49
2323.9,-1480.94
2327.1,-1479.19
2330.2,-1477.60
2333.3,-1475.29
2336.4,-1472.29
2339.6,-1470.77
2342.7,-1468.62
2345.8,-1466.70
2349.0,-1465.27
2352.1,-1469.32
2355.2,-1478.55
2358.3,-1490.15
2361.5,-1498.58
2364.6,-1504.25
2367.7,-1507.00
2370.9,-1507.80
2374.0,-1506.73
2377.1,-1505.16
2380.2,-1505.26
2383.4,-1505.51
2386.5,-1509.42
2389.6,-1513.73
2392.8,-1517.40
2395.9,-1522.19
2399.0,-1526.85
2402.1,-1532.93
2405.3,-1540.21
2408.4,-1548.36
2411.5,-1553.52
2414.6,-1558.89
2417.8,-1563.17
2420.9,-1563.49
2424.0,-1563.94
2427.2,-1562.18
2430.3,-1559.68
2433.4,-1556.75
2436.5,-1554.03
2439.7,-1551.41
2442.8,-1547.22
2445.9,-1543.70
2449.1,-1539.78
2452.2,-1537.31
2455.3,-1536.21
2458.4,-1535.70
2461.6,-1535.08
2464.7,-1534.85
2467.8,-1535.87
2470.9,-1540.04
2474.1,-1542.81
2477.2,-1545.30
2480.3,-1550.63
2483.5,-1554.14
2486.6,-1557.36
2489.7,-1561.76
2492.8,-1564.93
2496.0,-1568.61
2499.1,-1572.17
2502.2,-1575.37
2505.3,-1577.06
2508.5,-1578.58
2511.6,-1580.31
2514.7,-1583.06
2517.9,-1584.88
2521.0,-1586.13
2524.1,-1587.48
2527.2,-1588.49
2530.4,-1590.37
2533.5,-1592.62
2536.6,-1594.09
2539.8,-1595.44
2542.9,-1595.36
2546.0,-1594.92
2549.1,-1595.08
2552.3,-1594.91
2555.4,-1596.12
2558.5,-1596.46
2561.7,-1598.04
2564.8,-1598.89
2567.9,-1600.69
2571.0,-1601.31
2574.2,-1602.21
2577.3,-1603.41
2580.4,-1604.76
2583.5,-1605.78
2586.7,-1606.26
2589.8,-1606.37
2592.9,-1607.05
2596.1,-1607.68
2599.2,-1607.58
2602.3,-1608.05
2605.4,-1607.68
2608.6,-1606.77
2611.7,-1605.78
2614.8,-1605.40
2617.9,-1605.26
2621.1,-1605.13
2624.2,-1604.98
2627.3,-1604.98
2630.5,-1605.29
2633.6,-1605.80
2636.7,-1606.34
2639.8,-1606.12
2643.0,-1606.80
2646.1,-1607.36
2649.2,-1607.14
2652.4,-1607.21
2655.5,-1607.04
2658.6,-1607.34
2661.7,-1608.18
2664.9,-1608.70
2668.0,-1609.68
2671.1,-1609.82
2674.3,-1609.12
2677.4,-1609.94
2680.5,-1609.96
2683.6,-1609.97
2686.8,-1609.94
2689.9,-1609.68
2693.0,-1608.65
2696.1,-1607.88
2699.3,-1607.71
2702.4,-1608.55
2705.5,-1609.93
2708.7,-1618.74
2711.8,-1633.10
2714.9,-1649.00
2718.0,-1661.37
2721.2,-1664.98
2724.3,-1663.06
2727.4,-1659.43
2730.6,-1653.96
2733.7,-1648.31
2736.8,-1642.92
2739.9,-1638.04
2743.1,-1633.20
2746.2,-1625.87
2749.3,-1618.57
2752.4,-1610.80
2755.6,-1605.00
2758.7,-1599.74
2761.8,-1594.49
2765.0,-1590.66
2768.1,-1587.47
2771.2,-1585.80
2774.3,-1584.68
2777.5,-1583.62
2780.6,-1583.89
2783.7,-1584.20
2786.8,-1584.55
2790.0,-1584.43
2793.1,-1585.10
2796.2,-1585.66
2799.4,-1587.07
2802.5,-1590.21
2805.6,-1593.06
2808.7,-1596.39
2811.9,-1598.47
2815.0,-1600.67
2818.1,-1602.65
2821.3,-1604.96
2824.4,-1606.63
2827.5,-1607.18
2830.6,-1607.23
2833.8,-1608.13
2836.9,-1611.35
2840.0,-1613.85
2843.2,-1616.91
2846.3,-1620.19
2849.4,-1624.22
2852.5,-1627.60
2855.7,-1630.90
2858.8,-1634.60
2861.9,-1640.16
2865.0,-1646.65
2868.2,-1651.62
2871.3,-1654.76
2874.4,-1657.12
2877.6,-1660.45
2880.7,-1661.89
2883.8,-1663.51
2886.9,-1663.31
2890.1,-1663.54
2893.2,-1665.00
2896.3,-1667.70
2899.4,-1671.10
2902.6,-1675.31
2905.7,-1678.56
2908.8,-1679.51
2912.0,-1679.75
2915.1,-1679.46
2918.2,-1676.67
2921.3,-1671.45
2924.5,-1663.32
2927.6,-1656.57
2930.7,-1650.13
2933.9,-1645.96
2937.0,-1639.91
2940.1,-1628.90
2943.2,-1614.82
2946.4,-1601.14
2949.5,-1594.13
2952.6,-1590.46
2955.8,-1588.26
2958.9,-1586.28
2962.0,-1583.98
2965.1,-1580.49
2968.3,-1576.85
2971.4,-1571.75
2974.5,-1569.22
2977.6,-1597.43
2980.8,-1651.60
2983.9,-1716.23
2987.0,-1781.53
2990.2,-1842.38
2993.3,-1896.82
2996.4,-1943.51
2999.5,-1970.87
3002.7,-1955.77
3005.8,-1916.19
3008.9,-1868.25
3012.1,-1836.71
3015.2,-1828.81
3018.3,-1834.64
3021.4,-1849.43
3024.6,-1868.82
3027.7,-1886.85
3030.8,-1902.83
3033.9,-1917.50
3037.1,-1930.03
3040.2,-1940.31
3043.3,-1947.01
3046.5,-1951.27
3049.6,-1950.70
3052.7,-1949.13
3055.8,-1943.82
3059.0,-1935.53
3062.1,-1924.15
3065.2,-1911.99
3068.3,-1901.05
3071.5,-1889.11
3074.6,-1876.39
3077.7,-1862.80
3080.9,-1849.78
3084.0,-1837.16
3087.1,-1825.53
3090.2,-1815.95
3093.4,-1807.59
3096.5,-1800.98
3099.6,-1794.50
3102.8,-1789.86
3105.9,-1793.69
3109.0,-1802.02
3112.1,-1816.84
3115.3,-1835.91
3118.4,-1855.86
3121.5,-1871.35
3124.7,-1886.06
3127.8,-1899.35
3130.9,-1912.23
3134.0,-1922.32
3137.2,-1930.71
3140.3,-1937.18
3143.4,-1941.96
3146.5,-1944.82
3149.7,-1946.42
3152.8,-1945.16
3155.9,-1942.68
3159.1,-1939.96
3162.2,-1936.12
3165.3,-1931.47
3168.4,-1926.78
3171.6,-1921.48
3174.7,-1915.58
3177.8,-1909.03
3180.9,-1901.78
3184.1,-1893.74
3187.2,-1886.45
3190.3,-1879.69
3193.5,-1872.07
3196.6,-1865.92
3199.7,-1858.48
3202.8,-1850.84
3206.0,-1844.51
3209.1,-1838.93
3212.2,-1832.18
3215.4,-1825.95
3218.5,-1821.13
3221.6,-1815.52
3224.7,-1810.55
3227.9,-1805.10
3231.0,-1800.19
3234.1,-1797.04
3237.3,-1793.25
3240.4,-1790.43
3243.5,-1788.20
3246.6,-1785.52
3249.8,-1783.57
3252.9,-1781.40
3256.0,-1779.32
3259.1,-1777.94
3262.3,-1777.26
3265.4,-1776.62
3268.5,-1775.66
3271.7,-1774.47
3274.8,-1772.86
3277.9,-1771.63
3281.0,-1770.31
3284.2,-1770.07
3287.3,-1769.50
3290.4,-1769.55
3293.6,-1768.85
3296.7,-1767.48
3299.8,-1766.71
3302.9,-1766.11
3306.1,-1765.69
3309.2,-1765.81
3312.3,-1766.27
3315.4,-1765.33
3318.6,-1765.18
3321.7,-1764.55
3324.8,-1764.03
3328.0,-1763.21
3331.1,-1762.35
3334.2,-1760.69
3337.3,-1759.93
3340.5,-1758.35
3343.6,-1756.40
3346.7,-1755.16
3349.8,-1753.83
3353.0,-1753.03
3356.1,-1753.62
3359.2,-1754.42
3362.4,-1755.16
3365.5,-1755.88
3368.6,-1756.22
3371.7,-1756.57
3374.9,-1756.87
3378.0,-1757.09
3381.1,-1756.85
3384.3,-1758.13
3387.4,-1758.60
3390.5,-1758.91
3393.6,-1758.54
3396.8,-1758.26
3399.9,-1757.91
3403.0,-1757.53
3406.2,-1757.82
3409.3,-1757.71
3412.4,-1758.17
3415.5,-1757.61
3418.7,-1758.11
3421.8,-1758.14
3424.9,-1758.15
3428.0,-1757.57
3431.2,-1757.75
3434.3,-1757.68
3437.4,-1759.30
3440.6,-1759.72
3443.7,-1759.80
3446.8,-1759.30
3449.9,-1759.82
3453.1,-1759.48
3456.2,-1759.65
3459.3,-1759.96
3462.4,-1760.73
3465.6,-1761.57
3468.7,-1762.44
3471.8,-1764.48
3475.0,-1767.05
3478.1,-1770.57
3481.2,-1774.77
3484.3,-1779.96
3487.5,-1784.93
3490.6,-1789.66
3493.7,-1792.11
3496.9,-1794.99
3500.0,-1797.06
3503.1,-1798.34
3506.2,-1798.98
3509.4,-1800.18
3512.5,-1800.84
3515.6,-1802.02
3518.8,-1804.70
3521.9,-1808.03
3525.0,-1812.96
3528.1,-1820.49
3531.3,-1827.86
3534.4,-1833.87
3537.5,-1839.85
3540.6,-1844.99
3543.8,-1850.34
3546.9,-1852.37
3550.0,-1855.10
3553.2,-1857.98
3556.3,-1859.72
3559.4,-1863.36
3562.5,-1867.01
3565.7,-1871.96
3568.8,-1875.37
3571.9,-1878.64
3575.1,-1881.48
3578.2,-1881.55
3581.3,-1880.89
3584.4,-1879.49
3587.6,-1878.39
3590.7,-1875.10
3593.8,-1870.74
3596.9,-1867.52
3600.1,-1865.54
3603.2,-1864.51
3606.3,-1865.10
3609.5,-1864.71
3612.6,-1864.49
3615.7,-1863.10
3618.8,-1862.67
3622.0,-1861.14
3625.1,-1859.90
3628.2,-1858.16
3631.3,-1857.05
3634.5,-1855.24
3637.6,-1854.76
3640.7,-1854.73
3643.9,-1853.66
3647.0,-1855.01
3650.1,-1856.37
3653.2,-1856.98
3656.4,-1857.92
3659.5,-1860.52
3662.6,-1863.80
3665.8,-1866.73
3668.9,-1870.73
3672.0,-1876.23
3675.1,-1883.71
3678.3,-1894.43
3681.4,-1908.22
3684.5,-1923.78
3687.7,-1939.50
3690.8,-1964.53
3693.9,-1995.57
3697.0,-2026.86
3700.2,-2056.99
3703.3,-2083.58
3706.4,-2106.26
3709.5,-2124.46
3712.7,-2139.46
3715.8,-2150.66
3718.9,-2159.60
3722.1,-2166.30
3725.2,-2171.11
3728.3,-2173.55
3731.4,-2174.78
3734.6,-2174.97
3737.7,-2174.46
3740.8,-2173.85
3743.9,-2172.67
3747.1,-2171.22
3750.2,-2169.35
3753.3,-2166.55
3756.5,-2162.54
3759.6,-2159.01
3762.7,-2155.17
3765.8,-2151.84
3769.0,-2149.08
3772.1,-2147.24
3775.2,-2146.07
3778.4,-2145.40
3781.5,-2144.66
3784.6,-2143.37
3787.7,-2141.84
3790.9,-2140.17
3794.0,-2138.77
3797.1,-2138.22
3800.3,-2137.94
3803.4,-2137.26
3806.5,-2136.20
3809.6,-2134.19
3812.8,-2130.97
3815.9,-2128.20
3819.0,-2126.00
3822.1,-2124.68
3825.3,-2123.80
3828.4,-2122.56
3831.5,-2120.48
3834.7,-2118.33
3837.8,-2115.91
3840.9,-2113.30
3844.0,-2111.01
3847.2,-2109.20
3850.3,-2107.39
3853.4,-2105.85
3856.6,-2104.53
3859.7,-2103.66
3862.8,-2103.59
3865.9,-2103.92
3869.1,-2105.21
3872.2,-2106.44
3875.3,-2107.78
3878.4,-2108.70
3881.6,-2109.74
3884.7,-2110.10
3887.8,-2110.23
3891.0,-2110.36
3894.1,-2110.37
3897.2,-2110.27
3900.3,-2110.98
3903.5,-2112.12
3906.6,-2113.82
3909.7,-2116.03
3912.8,-2118.31
3916.0,-2120.79
3919.1,-2124.14
3922.2,-2127.86
3925.4,-2131.75
3928.5,-2135.86
3931.6,-2139.40
3934.7,-2142.70
3937.9,-2146.50
3941.0,-2151.23
3944.1,-2156.08
3947.3,-2161.52
3950.4,-2167.19
3953.5,-2172.19
3956.6,-2176.62
3959.8,-2177.73
3962.9,-2174.73
3966.0,-2167.74
3969.2,-2158.12
3972.3,-2147.11
3975.4,-2135.58
3978.5,-2125.81
3981.7,-2116.94
3984.8,-2110.04
3987.9,-2104.48
3991.0,-2102.67
3994.2,-2103.22
3997.3,-2106.58
4000.4,-2109.03
4003.6,-2111.67
4006.7,-2112.95
4009.8,-2113.46
4012.9,-2112.33
4016.1,-2111.17
4019.2,-2108.45
4022.3,-2104.60
4025.4,-2101.11
4028.6,-2097.31
4031.7,-2094.29
4034.8,-2091.17
4038.0,-2088.00
4041.1,-2085.98
4044.2,-2083.61
4047.3,-2081.12
4050.5,-2077.71
4053.6,-2073.95
4056.7,-2071.11
4059.9,-2068.76
4063.0,-2064.86
4066.1,-2060.46
4069.2,-2056.07
4072.4,-2052.41
4075.5,-2047.69
4078.6,-2043.58
4081.8,-2039.81
4084.9,-2036.80
4088.0,-2034.83
4091.1,-2032.81
4094.3,-2031.94
4097.4,-2030.92
4100.5,-2029.32
4103.6,-2028.39
4106.8,-2027.13
4109.9,-2027.44
4113.0,-2026.76
4116.2,-2025.83
4119.3,-2025.24
4122.4,-2025.11
4125.5,-2024.23
4128.7,-2023.85
4131.8,-2023.48
4134.9,-2023.19
4138.1,-2024.00
4141.2,-2023.17
4144.3,-2023.45
4147.4,-2022.93
4150.6,-2023.67
4153.7,-2023.86
4156.8,-2023.51
4159.9,-2022.52
4163.1,-2021.75
4166.2,-2023.52
4169.3,-2024.98
4172.5,-2027.47
4175.6,-2029.49
4178.7,-2032.25
4181.8,-2034.63
4185.0,-2036.78
4188.1,-2038.54
4191.2,-2038.94
4194.4,-2040.25
4197.5,-2039.51
4200.6,-2040.01
4203.7,-2040.74
4206.9,-2042.67
4210.0,-2044.79
4213.1,-2046.40
4216.2,-2049.09
4219.4,-2051.86
4222.5,-2055.60
4225.6,-2057.52
4228.8,-2059.79
4231.9,-2061.62
4235.0,-2062.95
4238.1,-2064.51
4241.3,-2065.07
4244.4,-2065.29
4247.5,-2065.36
4250.6,-2066.11
4253.8,-2066.43
4256.9,-2067.09
4260.0,-2068.64
4263.2,-2068.48
4266.3,-2068.90
4269.4,-2070.36
4272.5,-2071.97
4275.7,-2073.69
4278.8,-2075.58
4281.9,-2076.95
4285.1,-2078.44
4288.2,-2081.89
4291.3,-2083.28
4294.4,-2083.86
4297.6,-2084.03
4300.7,-2083.85
4303.8,-2082.12
4306.9,-2082.40
4310.1,-2082.56
4313.2,-2083.76
4316.3,-2085.48
4319.5,-2085.46
4322.6,-2085.02
4325.7,-2084.24
4328.8,-2082.52
4332.0,-2081.53
4335.1,-2081.86
4338.2,-2082.05
4341.4,-2080.68
4344.5,-2081.21
4347.6,-2079.93
4350.7,-2078.19
4353.9,-2078.42
4357.0,-2076.72
4360.1,-2074.44
4363.3,-2073.66
4366.4,-2072.81
4369.5,-2071.34
4372.6,-2071.03
4375.8,-2071.94
4378.9,-2073.95
4382.0,-2076.10
4385.1,-2078.32
4388.3,-2078.86
4391.4,-2079.96
4394.5,-2082.29
4397.7,-2085.09
4400.8,-2087.46
4403.9,-2088.96
4407.0,-2091.08
4410.2,-2093.09
4413.3,-2093.53
4416.4,-2093.42
4419.6,-2093.79
4422.7,-2094.97
4425.8,-2096.03
4428.9,-2096.28
4432.1,-2097.84
4435.2,-2099.77
4438.3,-2101.10
4441.4,-2103.76
4444.6,-2105.93
4447.7,-2108.45
4450.8,-2109.07
4454.0,-2110.11
4457.1,-2111.36
4460.2,-2111.26
4463.3,-2109.79
4466.5,-2108.36
4469.6,-2107.30
4472.7,-2106.11
4475.9,-2105.63
4479.0,-2105.16
4482.1,-2104.79
4485.2,-2105.09
4488.4,-2105.78
4491.5,-2105.80
4494.6,-2106.66
4497.7,-2107.35
4500.9,-2107.24
4504.0,-2107.04
4507.1,-2106.40
4510.3,-2107.50
4513.4,-2107.82
4516.5,-2109.18
4519.6,-2109.18
4522.8,-2109.31
4525.9,-2108.05
4529.0,-2106.98
4532.1,-2105.97
4535.3,-2105.12
4538.4,-2104.74
4541.5,-2105.85
4544.7,-2106.57
4547.8,-2107.81
4550.9,-2109.01
4554.0,-2108.22
4557.2,-2107.09
4560.3,-2103.87
4563.4,-2101.77
4566.6,-2101.36
4569.7,-2101.15
4572.8,-2100.49
4575.9,-2100.57
4579.1,-2101.29
4582.2,-2101.19
4585.3,-2103.03
4588.4,-2106.54
4591.6,-2110.39
4594.7,-2113.76
4597.8,-2118.73
4601.0,-2122.57
4604.1,-2125.13
4607.2,-2127.51
4610.3,-2129.32
4613.5,-2130.39
4616.6,-2132.28
4619.7,-2134.72
4622.9,-2138.03
4626.0,-2140.21
4629.1,-2143.91
4632.2,-2145.90
4635.4,-2147.06
4638.5,-2147.22
4641.6,-2147.50
4644.8,-2147.44
4647.9,-2147.88
4651.0,-2148.44
4654.1,-2148.89
4657.3,-2148.95
4660.4,-2148.77
4663.5,-2148.88
4666.6,-2147.94
4669.8,-2147.64
4672.9,-2148.29
4676.0,-2148.38
4679.2,-2148.23
4682.3,-2147.66
4685.4,-2147.23
4688.5,-2146.68
4691.7,-2145.91
4694.8,-2146.54
4697.9,-2147.76
4701.1,-2150.33
4704.2,-2151.81
4707.3,-2153.80
4710.4,-2154.47
4713.6,-2155.24
4716.7,-2155.26
4719.8,-2156.00
4722.9,-2155.98
4726.1,-2156.13
4729.2,-2156.33
4732.3,-2156.16
4735.5,-2155.76
4738.6,-2155.86
4741.7,-2156.19
4744.8,-2156.48
4748.0,-2156.89
4751.1,-2157.30
4754.2,-2157.28
4757.4,-2157.00
4760.5,-2156.49
4763.6,-2155.84
4766.7,-2156.65
4769.9,-2157.09
4773.0,-2158.23
4776.1,-2158.84
4779.2,-2159.52
4782.4,-2159.55
4785.5,-2160.07
4788.6,-2159.99
4791.8,-2160.62
4794.9,-2161.38
4798.0,-2162.47
4801.1,-2163.01
4804.3,-2163.27
4807.4,-2162.79
4810.5,-2162.63
4813.6,-2162.70
4816.8,-2162.95
4819.9,-2163.51
4823.0,-2164.25
4826.2,-2164.11
4829.3,-2163.48
4832.4,-2163.03
4835.5,-2162.69
4838.7,-2163.10
4841.8,-2164.39
4844.9,-2165.39
4848.1,-2166.15
4851.2,-2166.49
4854.3,-2166.48
4857.4,-2166.32
4860.6,-2166.87
4863.7,-2167.46
4866.8,-2168.43
4869.9,-2169.33
4873.1,-2170.18
4876.2,-2170.46
4879.3,-2170.57
4882.5,-2170.63
4885.6,-2170.97
4888.7,-2172.04
4891.8,-2172.85
4895.0,-2173.52
4898.1,-2174.12
4901.2,-2174.16
4904.4,-2174.22
4907.5,-2174.52
4910.6,-2174.62
4913.7,-2175.02
4916.9,-2175.97
4920.0,-2176.75
4923.1,-2177.70
4926.3,-2178.29
4929.4,-2178.79
4932.5,-2179.08
4935.6,-2179.29
4938.8,-2179.68
4941.9,-2180.10
4945.0,-2180.92
4948.1,-2181.50
4951.3,-2182.15
4954.4,-2182.31
4957.5,-2182.34
4960.7,-2182.44
4963.8,-2183.07
4966.9,-2183.55
4970.0,-2184.41
4973.2,-2185.21
4976.3,-2185.79
4979.4,-2185.91
4982.6,-2186.37
4985.7,-2186.94
4988.8,-2187.85
4991.9,-2189.02
4995.1,-2190.12
4998.2,-2190.72
5001.3,-2191.60
5004.4,-2191.99
5007.6,-2192.68
5010.7,-2193.63
5013.8,-2194.70
5017.0,-2195.91
5020.1,-2196.80
5023.2,-2196.98
5026.3,-2197.26
5029.5,-2197.64
5032.6,-2198.00
5035.7,-2198.12
5038.9,-2198.69
5042.0,-2198.44
5045.1,-2197.84
5048.2,-2196.60
5051.4,-2195.17
5054.5,-2193.71
5057.6,-2192.21
5060.7,-2190.23
5063.9,-2188.10
5067.0,-2185.30
5070.1,-2182.22
5073.3,-2178.73
5076.4,-2175.06
5079.5,-2171.17
5082.6,-2167.67
5085.8,-2164.51
5088.9,-2161.28
5092.0,-2157.32
5095.1,-2152.77
5098.3,-2147.05
5101.4,-2140.28
5104.5,-2133.31
5107.7,-2125.63
5110.8,-2117.81
5113.9,-2109.57
5117.0,-2101.03
5120.2,-2092.03
5123.3,-2082.85
5126.4,-2073.58
5129.6,-2064.63
5132.7,-2056.27
5135.8,-2048.01
5138.9,-2040.44
5142.1,-2033.30
5145.2,-2025.90
5148.3,-2018.50
5151.4,-2011.16
5154.6,-2003.89
5157.7,-1996.35
5160.8,-1989.34
5164.0,-1981.68
5167.1,-1973.82
5170.2,-1965.58
5173.3,-1956.99
5176.5,-1948.35
5179.6,-1939.82
5182.7,-1931.75
5185.9,-1923.59
5189.0,-1915.93
5192.1,-1907.89
5195.2,-1899.49
5198.4,-1890.84
5201.5,-1882.37
5204.6,-1874.58
5207.8,-1868.11
5210.9,-1861.81
5214.0,-1855.67
5217.1,-1849.47
5220.3,-1842.96
5223.4,-1836.17
5226.5,-1830.30
5229.6,-1825.15
5232.8,-1820.79
5235.9,-1817.33
5239.0,-1814.20
5242.2,-1811.17
5245.3,-1808.38
5248.4,-1806.15
5251.5,-1804.44
5254.7,-1803.80
5257.8,-1803.93
5260.9,-1804.51
5264.1,-1805.88
5267.2,-1807.02
5270.3,-1808.80
5273.4,-1811.02
5276.6,-1814.10
5279.7,-1817.99
5282.8,-1822.90
5285.9,-1828.06
5289.1,-1833.21
5292.2,-1839.03
5295.3,-1844.74
5298.5,-1851.12
5301.6,-1857.53
5304.7,-1864.98
5307.8,-1872.51
5311.0,-1881.11
5314.1,-1889.80
5317.2,-1898.87
5320.4,-1908.07
5323.5,-1917.45
5326.6,-1927.02
5329.7,-1937.66
5332.9,-1948.17
5336.0,-1958.79
5339.1,-1969.30
5342.2,-1979.77
5345.4,-1990.22
5348.5,-2001.13
5351.6,-2012.00
5354.8,-2022.65
5357.9,-2033.64
5361.0,-2044.34
5364.1,-2054.61
5367.3,-2064.51
5370.4,-2074.09
5373.5,-2083.30
5376.6,-2092.43
5379.8,-2101.53
5382.9,-2111.18
5386.0,-2120.56
5389.2,-2129.55
5392.3,-2138.18
5395.4,-2146.14
5398.5,-2153.58
5401.7,-2161.06
5404.8,-2169.33
5407.9,-2177.66
5411.1,-2185.21
5414.2,-2193.01
5417.3,-2200.00
5420.4,-2206.91
5423.6,-2213.78
5426.7,-2220.36
5429.8,-2226.64
5432.9,-2232.55
5436.1,-2237.52
5439.2,-2241.61
5442.3,-2245.07
5445.5,-2247.48
5448.6,-2249.55
5451.7,-2251.79
5454.8,-2253.84
5458.0,-2255.26
5461.1,-2256.37
5464.2,-2257.12
5467.4,-2257.14
5470.5,-2257.45
5473.6,-2257.24
5476.7,-2257.25
5479.9,-2257.63
5483.0,-2257.69
5486.1,-2257.36
5489.3,-2256.82
5492.4,-2256.17
5495.5,-2255.56
5498.6,-2255.43
5501.8,-2255.61
5504.9,-2255.75
5508.0,-2255.81
5511.1,-2255.61
5514.3,-2255.26
5517.4,-2255.09
5520.5,-2254.63
5523.7,-2254.64
5526.8,-2254.77
5529.9,-2254.58
5533.0,-2254.19
5536.2,-2253.87
5539.3,-2253.21
5542.4,-2252.75
5545.6,-2252.74
5548.7,-2252.77
5551.8,-2253.13
5554.9,-2253.00
5558.1,-2252.83
5561.2,-2252.10
5564.3,-2251.89
5567.4,-2251.57
5570.6,-2251.45
5573.7,-2251.78
5576.8,-2251.92
5580.0,-2252.02
5583.1,-2251.96
5586.2,-2251.43
5589.3,-2250.91
5592.5,-2250.86
5595.6,-2250.67
5598.7,-2250.91
5601.9,-2251.69
5605.0,-2252.14
5608.1,-2252.43
5611.2,-2252.41
5614.4,-2252.80
5617.5,-2252.65
5620.6,-2252.98
5623.7,-2253.60
5626.9,-2254.21
5630.0,-2254.65
5633.1,-2254.75
5636.3,-2254.72
5639.4,-2254.67
5642.5,-2254.50
5645.6,-2254.68
5648.8,-2255.10
5651.9,-2255.39
5655.0,-2255.57
5658.1,-2255.82
5661.3,-2255.70
5664.4,-2255.35
5667.5,-2255.14
5670.7,-2255.61
5673.8,-2256.10
5676.9,-2256.72
5680.0,-2257.06
5683.2,-2257.28
5686.3,-2256.86
5689.4,-2256.62
5692.6,-2256.46
5695.7,-2256.94
5698.8,-2257.35
5701.9,-2257.64
5705.1,-2257.56
5708.2,-2257.17
5711.3,-2256.94
5714.4,-2256.80
5717.6,-2257.03
5720.7,-2257.59
5723.8,-2258.42
5727.0,-2258.61
5730.1,-2258.57
5733.2,-2258.56
5736.3,-2258.53
5739.5,-2258.37
5742.6,-2258.74
5745.7,-2259.43
5748.9,-2259.84
5752.0,-2259.78
5755.1,-2259.61
5758.2,-2259.09
5761.4,-2258.93
5764.5,-2259.37
5767.6,-2260.26
5770.8,-2261.37
5773.9,-2261.96
5777.0,-2261.83
5780.1,-2261.47
5783.3,-2260.99
5786.4,-2260.61
5789.5,-2261.17
5792.6,-2261.72
5795.8,-2262.27
5798.9,-2262.40
5802.0,-2262.44
5805.2,-2262.12
5808.3,-2261.96
5811.4,-2262.12
5814.5,-2262.68
5817.7,-2263.65
5820.8,-2264.55
5823.9,-2265.06
5827.1,-2265.54
5830.2,-2265.59
5833.3,-2265.20
5836.4,-2265.18
5839.6,-2265.42
5842.7,-2265.92
5845.8,-2266.14
5848.9,-2266.07
5852.1,-2265.55
5855.2,-2265.32
5858.3,-2265.06
5861.5,-2264.76
5864.6,-2264.70
5867.7,-2265.08
5870.8,-2265.12
5874.0,-2264.93
5877.1,-2264.87
5880.2,-2264.40
5883.4,-2264.06
5886.5,-2263.79
5889.6,-2263.81
5892.7,-2264.12
5895.9,-2264.09
5899.0,-2263.94
5902.1,-2263.96
5905.2,-2263.59
5908.4,-2263.19
5911.5,-2263.65
5914.6,-2264.07
5917.8,-2264.75
5920.9,-2265.13
5924.0,-2265.56
5927.1,-2265.24
5930.3,-2265.22
5933.4,-2265.59
5936.5,-2266.12
5939.6,-2267.00
5942.8,-2267.72
5945.9,-2268.17
5949.0,-2268.60
5952.2,-2268.32
5955.3,-2268.18
5958.4,-2268.36
5961.5,-2269.02
5964.7,-2269.68
5967.8,-2270.26
5970.9,-2270.27
5974.1,-2269.68
5977.2,-2269.66
5980.3,-2269.92
5983.4,-2270.01
5986.6,-2270.58
5989.7,-2271.43
5992.8,-2271.81
5995.9,-2272.22
5999.1,-2271.87
6002.2,-2271.47
6005.3,-2271.21
6008.5,-2271.54
6011.6,-2271.96
6014.7,-2272.88
6017.8,-2273.10
6021.0,-2273.42
6024.1,-2273.02
6027.2,-2273.21
6030.4,-2273.23
6033.5,-2274.27
6036.6,-2275.22
6039.7,-2276.11
6042.9,-2276.87
6046.0,-2277.29
6049.1,-2276.76
6052.3,-2276.60
6055.4,-2276.63
6058.5,-2277.07
6061.6,-2277.94
6064.8,-2278.85
6067.9,-2279.15
6071.0,-2279.07
6074.1,-2278.49
6077.3,-2277.74
6080.4,-2277.01
6083.5,-2276.39
6086.7,-2275.31
6089.8,-2273.94
6092.9,-2272.48
6096.0,-2270.24
6099.2,-2267.80
6102.3,-2264.95
6105.4,-2261.78
6108.6,-2258.99
6111.7,-2256.04
6114.8,-2252.73
6117.9,-2248.64
6121.1,-2244.47
6124.2,-2240.26
6127.3,-2236.57
6130.4,-2233.47
6133.6,-2230.88
6136.7,-2228.71
6139.8,-2226.44
6143.0,-2224.17
6146.1,-2220.68
6149.2,-2217.21
6152.3,-2213.52
6155.5,-2210.29
6158.6,-2206.26
6161.7,-2201.98
6164.9,-2197.12
6168.0,-2191.37
6171.1,-2184.74
6174.2,-2178.24
6177.4,-2172.07
6180.5,-2166.31
6183.6,-2160.70
6186.7,-2155.36
6189.9,-2149.90
6193.0,-2144.02
6196.1,-2137.68
6199.3,-2131.42
6202.4,-2125.98
6205.5,-2120.71
6208.6,-2115.88
6211.8,-2111.32
6214.9,-2106.50
6218.0,-2101.32
6221.1,-2096.45
6224.3,-2091.90
6227.4,-2087.18
6230.5,-2082.94
6233.7,-2078.52
6236.8,-2074.02
6239.9,-2069.24
6243.0,-2064.25
6246.2,-2058.77
6249.3,-2053.56
6252.4,-2048.48
6255.6,-2043.36
6258.7,-2038.37
6261.8,-2033.60
6264.9,-2028.80
6268.1,-2024.22
6271.2,-2019.60
6274.3,-2015.08
6277.4,-2010.73
6280.6,-2006.39
6283.7,-2001.44
6286.8,-1996.67
6290.0,-1991.51
6293.1,-1986.19
6296.2,-1980.53
6299.3,-1976.03
6302.5,-1971.37
6305.6,-1967.82
6308.7,-1964.37
6311.9,-1960.66
6315.0,-1956.59
6318.1,-1952.50
6321.2,-1948.04
6324.4,-1944.20
6327.5,-1940.66
6330.6,-1937.96
6333.8,-1934.97
6336.9,-1932.18
6340.0,-1929.32
6343.1,-1926.85
6346.3,-1924.64
6349.4,-1922.89
6352.5,-1921.81
6355.6,-1921.77
6358.8,-1921.37
6361.9,-1921.03
6365.0,-1920.45
6368.2,-1919.39
6371.3,-1918.56
6374.4,-1918.41
6377.5,-1918.17
6380.7,-1918.12
6383.8,-1918.05
6386.9,-1918.21
6390.1,-1918.19
6393.2,-1918.83
6396.3,-1919.92
6399.4,-1921.77
6402.6,-1924.12
6405.7,-1926.54
6408.8,-1929.33
6411.9,-1932.07
6415.1,-1934.38
6418.2,-1937.24
6421.3,-1940.06
6424.5,-1943.08
6427.6,-1946.12
6430.7,-1949.37
6433.8,-1951.76
6437.0,-1954.36
6440.1,-1956.60
6443.2,-1959.24
6446.4,-1961.96
6449.5,-1966.01
6452.6,-1970.09
6455.7,-1974.48
6458.9,-1978.78
6462.0,-1982.78
6465.1,-1987.09
6468.2,-1991.68
6471.4,-1996.58
6474.5,-2001.97
6477.6,-2007.38
6480.8,-2012.74
6483.9,-2018.28
6487.0,-2023.74
6490.1,-2029.72
6493.3,-2035.77
6496.4,-2042.74
6499.5,-2049.92
6502.6,-2057.38
6505.8,-2064.95
6508.9,-2071.65
6512.0,-2078.35
6515.2,-2084.98
6518.3,-2091.77
6521.4,-2099.45
6524.5,-2107.57
6527.7,-2115.84
6530.8,-2124.71
6533.9,-2133.85
6537.1,-2142.99
6540.2,-2152.33
6543.3,-2161.51
6546.4,-2170.45
6549.6,-2179.64
6552.7,-2189.27
6555.8,-2198.75
6558.9,-2208.15
6562.1,-2217.77
6565.2,-2226.62
6568.3,-2235.18
6571.5,-2243.21
6574.6,-2249.80
6577.7,-2255.22
6580.8,-2259.66
6584.0,-2262.97
6587.1,-2265.66
6590.2,-2267.71
6593.4,-2269.31
6596.5,-2270.89
6599.6,-2272.13
6602.7,-2272.36
6605.9,-2272.43
6609.0,-2272.21
6612.1,-2271.90
6615.3,-2271.61
6618.4,-2271.95
6621.5,-2271.68
6624.6,-2271.60
6627.8,-2271.06
6630.9,-2270.37
6634.0,-2269.26
6637.1,-2268.32
6640.3,-2267.42
6643.4,-2267.11
6646.5,-2266.92
6649.7,-2266.51
6652.8,-2265.71
6655.9,-2264.90
6659.0,-2263.85
6662.2,-2263.50
6665.3,-2263.70
6668.4,-2263.80
6671.6,-2263.61
6674.7,-2263.35
6677.8,-2262.85
6680.9,-2262.40
6684.1,-2262.34
6687.2,-2262.10
6690.3,-2262.01
6693.4,-2262.24
6696.6,-2262.32
6699.7,-2262.11
6702.8,-2261.82
6706.0,-2261.55
6709.1,-2260.84
6712.2,-2260.52
6715.3,-2260.42
6718.5,-2260.66
6721.6,-2260.77
6724.7,-2260.68
6727.9,-2260.37
6731.0,-2259.92
6734.1,-2259.32
6737.2,-2258.73
6740.4,-2258.24
6743.5,-2257.98
6746.6,-2257.48
6749.7,-2257.12
6752.9,-2256.28
6756.0,-2255.23
6759.1,-2254.18
6762.3,-2251.32
6765.4,-2246.05
6768.5,-2239.05
6771.6,-2230.59
6774.8,-2221.59
6777.9,-2212.45
6781.0,-2203.06
6784.1,-2194.44
6787.3,-2186.38
6790.4,-2178.90
6793.5,-2171.95
6796.7,-2165.50
6799.8,-2158.85
6802.9,-2152.89
6806.0,-2146.37
6809.2,-2139.71
6812.3,-2132.79
6815.4,-2126.65
6818.6,-2120.18
6821.7,-2113.60
6824.8,-2106.95
6827.9,-2100.99
6831.1,-2095.24
6834.2,-2090.53
6837.3,-2086.58
6840.4,-2083.03
6843.6,-2079.55
6846.7,-2075.45
6849.8,-2071.53
6853.0,-2067.87
6856.1,-2064.67
6859.2,-2061.91
6862.3,-2059.63
6865.5,-2057.39
6868.6,-2054.86
6871.7,-2052.67
6874.9,-2050.16
6878.0,-2047.54
6881.1,-2044.57
6884.2,-2040.97
6887.4,-2037.00
6890.5,-2032.62
6893.6,-2027.96
6896.8,-2023.35
6899.9,-2019.16
6903.0,-2015.02
6906.1,-2011.25
6909.3,-2008.09
6912.4,-2004.93
6915.5,-2001.87
6918.6,-1999.04
6921.8,-1996.15
6924.9,-1993.06
6928.0,-1990.47
6931.2,-1987.61
6934.3,-1985.39
6937.4,-1983.91
6940.5,-1982.09
6943.7,-1979.75
6946.8,-1977.17
6949.9,-1973.72
6953.1,-1970.12
6956.2,-1966.56
6959.3,-1963.35
6962.4,-1959.97
6965.6,-1957.07
6968.7,-1953.19
6971.8,-1948.75
6974.9,-1943.77
6978.1,-1938.29
6981.2,-1932.54
6984.3,-1927.29
6987.5,-1921.41
6990.6,-1915.67
6993.7,-1910.12
6996.8,-1904.32
7000.0,-1898.32
7003.1,-1893.06
7006.2,-1888.27
7009.4,-1883.95
7012.5,-1880.17
7015.6,-1876.90
7018.7,-1873.23
7021.9,-1869.48
7025.0,-1865.56
7028.1,-1861.99
7031.2,-1859.08
7034.4,-1856.17
7037.5,-1853.27
7040.6,-1850.18
7043.8,-1847.00
7046.9,-1843.97
7050.0,-1841.02
7053.1,-1838.12
7056.3,-1835.24
7059.4,-1832.54
7062.5,-1829.12
7065.6,-1824.82
7068.8,-1820.15
7071.9,-1814.86
7075.0,-1810.03
7078.2,-1805.76
7081.3,-1802.06
7084.4,-1798.46
7087.5,-1794.87
7090.7,-1790.79
7093.8,-1786.80
7096.9,-1782.85
7100.1,-1778.98
7103.2,-1775.59
7106.3,-1772.65
7109.4,-1769.61
7112.6,-1766.60
7115.7,-1762.82
7118.8,-1758.59
7121.9,-1753.95
7125.1,-1750.01
7128.2,-1745.54
7131.3,-1741.51
7134.5,-1737.80
7137.6,-1733.87
7140.7,-1729.27
7143.8,-1724.61
7147.0,-1719.86
7150.1,-1715.63
7153.2,-1712.04
7156.4,-1708.58
7159.5,-1705.49
7162.6,-1702.15
7165.7,-1698.01
7168.9,-1693.97
7172.0,-1689.61
7175.1,-1685.89
7178.3,-1681.86
7181.4,-1678.72
7184.5,-1675.01
7187.6,-1671.39
7190.8,-1666.99
7193.9,-1662.18
7197.0,-1656.85
7200.1,-1652.29
7203.3,-1647.46
7206.4,-1643.07
7209.5,-1638.74
7212.7,-1634.29
7215.8,-1629.43
7218.9,-1624.31
7222.0,-1619.30
7225.2,-1614.67
7228.3,-1610.36
7231.4,-1605.71
7234.6,-1600.99
7237.7,-1596.45
7240.8,-1591.85
7243.9,-1586.90
7247.1,-1582.53
7250.2,-1578.20
7253.3,-1574.28
7256.4,-1570.54
7259.6,-1566.70
7262.7,-1562.77
7265.8,-1558.61
7269.0,-1554.31
7272.1,-1550.58
7275.2,-1547.29
7278.3,-1544.44
7281.5,-1541.37
7284.6,-1538.37
7287.7,-1534.98
7290.9,-1532.11
7294.0,-1529.24
7297.1,-1527.27
7300.2,-1525.35
7303.4,-1524.18
7306.5,-1522.21
7309.6,-1520.12
7312.7,-1517.70
7315.9,-1515.44
7319.0,-1512.67
7322.1,-1510.60
7325.3,-1508.13
7328.4,-1505.85
7331.5,-1503.27
7334.6,-1500.86
7337.8,-1497.88
7340.9,-1495.31
7344.0,-1492.57
7347.1,-1490.44
7350.3,-1488.76
7353.4,-1487.13
7356.5,-1485.53
7359.7,-1483.85
7362.8,-1481.67
7365.9,-1479.27
7369.0,-1477.59
7372.2,-1475.76
7375.3,-1474.40
7378.4,-1473.26
7381.6,-1472.02
7384.7,-1470.43
7387.8,-1468.64
7390.9,-1466.84
7394.1,-1464.86
7397.2,-1463.07
7400.3,-1461.57
7403.4,-1459.67
7406.6,-1458.28
7409.7,-1456.08
7412.8,-1453.66
7416.0,-1451.26
7419.1,-1449.18
7422.2,-1447.21
7425.3,-1446.04
7428.5,-1444.53
7431.6,-1442.49
7434.7,-1440.26
7437.9,-1438.51
7441.0,-1436.21
7444.1,-1434.56
7447.2,-1433.24
7450.4,-1432.08
7453.5,-1430.60
7456.6,-1429.21
7459.8,-1426.77
7462.9,-1424.62
7466.0,-1422.48
7469.1,-1420.83
7472.3,-1419.78
7475.4,-1419.01
7478.5,-1418.05
7481.6,-1416.59
7484.8,-1415.19
7487.9,-1414.07
7491.0,-1413.95
7494.2,-1414.33
7497.3,-1415.01
7500.4,-1415.95
7503.5,-1416.04
7506.7,-1415.99
7509.8,-1415.56
7512.9,-1415.46
7516.1,-1415.69
7519.2,-1416.67
7522.3,-1417.94
7525.4,-1419.34
7528.6,-1420.58
7531.7,-1421.70
7534.8,-1422.64
7537.9,-1424.10
7541.1,-1425.96
7544.2,-1428.05
7547.3,-1430.69
7550.5,-1432.97
7553.6,-1435.12
7556.7,-1437.99
7559.8,-1441.01
7563.0,-1444.39
7566.1,-1448.93
7569.2,-1453.20
7572.4,-1457.16
7575.5,-1460.91
7578.6,-1464.50
7581.7,-1467.63
7584.9,-1471.59
7588.0,-1475.68
7591.1,-1480.21
7594.2,-1484.89
7597.4,-1489.29
7600.5,-1493.35
7603.6,-1497.54
7606.8,-1501.28
7609.9,-1505.46
7613.0,-1509.98
7616.1,-1514.42
7619.3,-1518.72
7622.4,-1523.23
7625.5,-1527.41
7628.6,-1531.26
7631.8,-1535.32
7634.9,-1539.27
7638.0,-1543.46
7641.2,-1547.98
7644.3,-1552.58
7647.4,-1556.77
7650.5,-1561.30
7653.7,-1565.47
7656.8,-1569.66
7659.9,-1574.31
7663.1,-1579.02
7666.2,-1583.93
7669.3,-1589.09
7672.4,-1594.87
7675.6,-1601.06
7678.7,-1607.62
7681.8,-1613.61
7684.9,-1619.63
7688.1,-1625.90
7691.2,-1632.19
7694.3,-1638.09
7697.5,-1644.74
7700.6,-1652.17
7703.7,-1660.35
7706.8,-1668.65
7710.0,-1677.20
7713.1,-1685.41
7716.2,-1694.06
7719.4,-1701.93
7722.5,-1709.23
7725.6,-1716.38
7728.7,-1723.17
7731.9,-1730.22
7735.0,-1737.68
7738.1,-1745.75
7741.3,-1754.08
7744.4,-1762.62
7747.5,-1770.46
7750.6,-1777.94
7753.8,-1785.55
7756.9,-1793.10
7760.0,-1800.39
7763.1,-1807.42
7766.3,-1814.59
7769.4,-1821.45
7772.5,-1828.52
7775.7,-1835.95
7778.8,-1843.99
7781.9,-1852.27
7785.0,-1861.30
7788.2,-1870.14
7791.3,-1879.01
7794.4,-1888.12
7797.6,-1897.55
7800.7,-1907.51
7803.8,-1918.43
7806.9,-1930.29
7810.1,-1942.83
7813.2,-1954.28
7816.3,-1964.28
7819.4,-1973.29
7822.6,-1981.35
7825.7,-1989.54
7828.8,-1998.69
7832.0,-2009.16
7835.1,-2021.79
7838.2,-2035.96
7841.3,-2051.24
7844.5,-2066.43
7847.6,-2082.05
7850.7,-2097.28
7853.9,-2112.06
7857.0,-2126.04
7860.1,-2140.60
7863.2,-2158.29
7866.4,-2180.18
7869.5,-2202.37
7872.6,-2223.18
7875.7,-2242.34
7878.9,-2259.31
7882.0,-2273.76
7885.1,-2286.32
7888.3,-2296.66
7891.4,-2305.31
7894.5,-2312.40
7897.6,-2318.29
7900.8,-2322.81
7903.9,-2326.59
7907.0,-2330.12
7910.1,-2332.69
7913.3,-2334.97
7916.4,-2336.64
7919.5,-2338.26
7922.7,-2339.36
7925.8,-2340.42
7928.9,-2340.81
7932.0,-2341.50
7935.2,-2341.72
7938.3,-2341.57
7941.4,-2341.27
7944.6,-2341.24
7947.7,-2341.05
7950.8,-2341.03
7953.9,-2341.15
7957.1,-2341.22
7960.2,-2340.95
7963.3,-2340.93
7966.4,-2340.48
7969.6,-2340.07
7972.7,-2339.84
7975.8,-2339.35
7979.0,-2338.98
7982.1,-2338.58
7985.2,-2338.24
7988.3,-2337.84
7991.5,-2337.59
7994.6,-2336.94
7997.7,-2336.73
8000.9,-2336.28
8004.0,-2336.24
8007.1,-2336.20
8010.2,-2336.41
8013.4,-2335.81
8016.5,-2335.49
8019.6,-2334.87
8022.8,-2334.73
8025.9,-2334.19
8029.0,-2334.68
8032.1,-2334.25
8035.3,-2334.64
8038.4,-2334.08
8041.5,-2334.09
8044.6,-2333.65
8047.8,-2333.68
8050.9,-2333.48
8054.0,-2334.03
8057.2,-2334.38
8060.3,-2334.64
8063.4,-2334.54
8066.5,-2334.40
8069.7,-2333.76
8072.8,-2333.77
8075.9,-2333.99
8079.1,-2333.83
8082.2,-2333.99
8085.3,-2334.26
8088.4,-2334.10
8091.6,-2333.95
8094.7,-2333.61
8097.8,-2332.97
8100.9,-2332.91
8104.1,-2333.11
8107.2,-2333.24
8110.3,-2333.28
8113.5,-2333.24
8116.6,-2332.94
8119.7,-2332.77
8122.8,-2332.63
8126.0,-2332.68
8129.1,-2333.04
8132.2,-2333.61
8135.4,-2333.50
8138.5,-2333.18
8141.6,-2332.65
8144.7,-2332.09
8147.9,-2331.71
8151.0,-2331.59
8154.1,-2331.24
8157.2,-2330.83
8160.4,-2330.22
8163.5,-2329.77
8166.6,-2329.67
8169.8,-2329.74
8172.9,-2329.67
8176.0,-2329.87
8179.1,-2329.97
8182.3,-2329.55
8185.4,-2329.01
8188.5,-2328.68
8191.6,-2327.93
8194.8,-2327.85
8197.9,-2327.75
8201.0,-2327.61
8204.2,-2327.34
8207.3,-2327.17
8210.4,-2326.93
8213.5,-2326.28
8216.7,-2325.79
8219.8,-2325.29
8222.9,-2325.50
8226.1,-2325.69
8229.2,-2325.99
8232.3,-2325.86
8235.4,-2325.46
8238.6,-2324.84
8241.7,-2324.54
8244.8,-2324.32
8248.0,-2324.13
8251.1,-2324.19
8254.2,-2324.08
8257.3,-2323.68
8260.5,-2323.48
8263.6,-2323.09
8266.7,-2322.86
8269.8,-2322.71
8273.0,-2323.01
8276.1,-2323.15
8279.2,-2323.51
8282.4,-2323.58
8285.5,-2323.44
8288.6,-2323.27
8291.7,-2323.23
8294.9,-2323.32
8298.0,-2323.80
8301.1,-2324.14
8304.3,-2323.92
8307.4,-2323.90
8310.5,-2323.26
8313.6,-2322.64
8316.8,-2322.31
8319.9,-2322.49
8323.0,-2322.44
8326.1,-2322.78
8329.3,-2323.00
8332.4,-2322.92
8335.5,-2322.49
8338.7,-2322.75
8341.8,-2322.79
8344.9,-2323.48
8348.0,-2323.98
8351.2,-2324.33
8354.3,-2324.52
8357.4,-2324.59
8360.5,-2324.28
8363.7,-2323.94
8366.8,-2323.84
8369.9,-2324.01
8373.1,-2324.38
8376.2,-2325.06
8379.3,-2325.29
8382.4,-2325.22
8385.6,-2324.88
8388.7,-2324.30
8391.8,-2324.04
8395.0,-2324.46
8398.1,-2324.84
8401.2,-2325.04
8404.3,-2325.36
8407.5,-2325.07
8410.6,-2324.89
8413.7,-2324.82
8416.9,-2325.24
8420.0,-2325.94
8423.1,-2326.89
8426.2,-2327.15
8429.4,-2326.91
8432.5,-2326.47
8435.6,-2326.09
8438.7,-2326.28
8441.9,-2327.08
8445.0,-2327.76
8448.1,-2328.20
8451.3,-2328.19
8454.4,-2327.63
8457.5,-2326.96
8460.6,-2326.69
8463.8,-2327.07
8466.9,-2327.73
8470.0,-2328.81
8473.1,-2329.13
8476.3,-2328.97
8479.4,-2328.54
8482.5,-2328.05
8485.7,-2327.80
8488.8,-2328.01
8491.9,-2328.59
8495.0,-2328.86
8498.2,-2329.26
8501.3,-2328.96
8504.4,-2328.81
8507.6,-2328.44
8510.7,-2328.48
8513.8,-2328.62
8516.9,-2329.21
8520.1,-2329.34
8523.2,-2329.28
8526.3,-2329.25
8529.5,-2328.69
8532.6,-2328.28
8535.7,-2328.13
8538.8,-2328.19
8542.0,-2328.40
8545.1,-2328.66
8548.2,-2328.61
8551.3,-2328.19
8554.5,-2327.93
8557.6,-2326.94
8560.7,-2326.39
8563.9,-2326.00
8567.0,-2326.04
8570.1,-2326.09
8573.2,-2326.03
8576.4,-2325.52
8579.5,-2324.86
8582.6,-2324.41
8585.8,-2324.05
8588.9,-2324.11
8592.0,-2324.60
8595.1,-2324.47
8598.3,-2323.97
8601.4,-2323.55
8604.5,-2323.35
8607.6,-2323.50
8610.8,-2323.89
8613.9,-2324.53
8617.0,-2325.12
8620.2,-2325.18
8623.3,-2324.73
8626.4,-2324.54
8629.5,-2324.74
8632.7,-2324.82
8635.8,-2325.08
8638.9,-2325.82
8642.0,-2326.38
8645.2,-2326.58
8648.3,-2326.82
8651.4,-2326.04
8654.6,-2325.46
8657.7,-2325.33
8660.8,-2325.53
8663.9,-2325.84
8667.1,-2326.25
8670.2,-2326.02
8673.3,-2325.71
8676.5,-2325.42
8679.6,-2325.05
8682.7,-2325.25
8685.8,-2325.61
8689.0,-2325.91
8692.1,-2325.95
8695.2,-2326.17
8698.4,-2325.72
8701.5,-2325.09
8704.6,-2324.73
8707.7,-2324.77
8710.9,-2324.99
8714.0,-2325.62
8717.1,-2326.11
8720.2,-2326.64
8723.4,-2327.12
8726.5,-2326.98
8729.6,-2326.73
8732.8,-2326.51
8735.9,-2326.64
8739.0,-2327.09
8742.1,-2327.56
8745.3,-2327.97
8748.4,-2328.37
8751.5,-2328.53
8754.6,-2328.08
8757.8,-2328.26
8760.9,-2328.56
8764.0,-2328.79
8767.2,-2329.19
8770.3,-2329.61
8773.4,-2329.55
8776.5,-2329.37
8779.7,-2329.11
8782.8,-2328.87
8785.9,-2329.26
8789.1,-2329.48
8792.2,-2329.72
8795.3,-2329.50
8798.4,-2329.26
8801.6,-2329.01
8804.7,-2328.73
8807.8,-2328.86
8811.0,-2329.08
8814.1,-2329.66
8817.2,-2330.00
8820.3,-2329.71
8823.5,-2329.33
8826.6,-2328.99
8829.7,-2328.66
8832.8,-2329.12
8836.0,-2329.94
8839.1,-2330.51
8842.2,-2330.24
8845.4,-2329.87
8848.5,-2328.99
8851.6,-2328.31
8854.7,-2327.92
8857.9,-2328.23
8861.0,-2328.14
8864.1,-2328.16
8867.3,-2327.50
8870.4,-2327.11
8873.5,-2326.59
8876.6,-2326.45
8879.8,-2326.84
8882.9,-2327.36
8886.0,-2327.63
8889.1,-2327.69
8892.3,-2327.80
8895.4,-2327.52
8898.5,-2327.20
8901.7,-2327.12
8904.8,-2327.49
8907.9,-2327.96
8911.0,-2328.76
8914.2,-2329.21
8917.3,-2329.31
8920.4,-2328.75
8923.5,-2328.36
8926.7,-2327.89
8929.8,-2328.34
8932.9,-2328.52
8936.1,-2329.13
8939.2,-2329.17
8942.3,-2328.88
8945.4,-2328.30
8948.6,-2328.12
8951.7,-2328.03
8954.8,-2328.15
8958.0,-2328.77
8961.1,-2329.33
8964.2,-2329.50
8967.3,-2329.43
8970.5,-2328.58
8973.6,-2328.04
8976.7,-2327.76
8979.9,-2328.06
8983.0,-2328.60
8986.1,-2329.03
8989.2,-2328.89
8992.4,-2328.60
8995.5,-2328.30
8998.6,-2327.99
9001.7,-2328.10
9004.9,-2328.66
9008.0,-2329.13
9011.1,-2329.47
9014.3,-2329.43
9017.4,-2329.05
9020.5,-2328.41
9023.6,-2328.43
9026.8,-2328.24
9029.9,-2328.36
9033.0,-2328.51
9036.1,-2328.55
9039.3,-2328.23
9042.4,-2327.88
9045.5,-2327.59
9048.7,-2327.50
9051.8,-2328.11
9054.9,-2328.49
9058.0,-2328.85
9061.2,-2328.71
9064.3,-2328.19
9067.4,-2327.54
9070.6,-2327.56
9073.7,-2327.46
9076.8,-2327.53
9079.9,-2327.56
9083.1,-2327.27
9086.2,-2326.62
9089.3,-2326.50
9092.5,-2325.93
9095.6,-2325.47
9098.7,-2325.44
9101.8,-2325.95
9105.0,-2325.71
9108.1,-2326.02
9111.2,-2325.42
9114.3,-2324.79
9117.5,-2323.97
9120.6,-2323.70
9123.7,-2323.70
9126.9,-2324.53
9130.0,-2324.38
9133.1,-2324.13
9136.2,-2323.35
9139.4,-2322.68
9142.5,-2321.81
9145.6,-2322.01
9148.8,-2322.30
9151.9,-2322.94
9155.0,-2323.50
9158.1,-2323.59
9161.3,-2323.04
9164.4,-2322.51
9167.5,-2322.25
9170.6,-2322.12
9173.8,-2322.67
9176.9,-2323.23
9180.0,-2323.64
9183.2,-2323.82
9186.3,-2323.38
9189.4,-2322.87
9192.5,-2322.60
9195.7,-2322.44
9198.8,-2322.58
9201.9,-2322.75
9205.0,-2322.98
9208.2,-2322.57
9211.3,-2322.70
9214.4,-2322.63
9217.6,-2322.60
9220.7,-2322.84
9223.8,-2322.98
9226.9,-2323.03
9230.1,-2323.08
9233.2,-2322.82
9236.3,-2322.57
9239.5,-2322.13
9242.6,-2322.28
9245.7,-2322.81
9248.8,-2323.28
9252.0,-2323.13
9255.1,-2322.88
9258.2,-2322.48
9261.4,-2321.81
9264.5,-2321.37
9267.6,-2321.31
9270.7,-2321.25
9273.9,-2321.08
9277.0,-2321.08
9280.1,-2320.44
9283.2,-2319.73
9286.4,-2319.44
9289.5,-2319.02
9292.6,-2319.13
9295.8,-2319.41
9298.9,-2320.34
9302.0,-2320.80
9305.1,-2320.78
9308.3,-2320.55
9311.4,-2320.55
9314.5,-2320.37
9317.6,-2320.60
9320.8,-2321.27
9323.9,-2321.83
9327.0,-2321.81
9330.2,-2321.36
9333.3,-2320.95
9336.4,-2320.54
9339.5,-2320.59
9342.7,-2321.27
9345.8,-2321.69
9348.9,-2321.99
9352.1,-2322.18
9355.2,-2321.98
9358.3,-2321.65
9361.4,-2321.50
9364.6,-2321.70
9367.7,-2322.30
9370.8,-2323.30
9374.0,-2323.79
9377.1,-2323.86
9380.2,-2323.82
9383.3,-2323.54
9386.5,-2323.36
9389.6,-2323.94
9392.7,-2324.48
9395.8,-2325.03
9399.0,-2325.51
9402.1,-2325.61
9405.2,-2325.03
9408.4,-2325.06
9411.5,-2324.85
9414.6,-2325.04
9417.7,-2325.38
9420.9,-2326.28
9424.0,-2326.58
9427.1,-2327.13
9430.3,-2327.56
9433.4,-2327.95
9436.5,-2328.26
9439.6,-2328.73
9442.8,-2329.23
9445.9,-2329.84
9449.0,-2330.26
9452.1,-2330.52
9455.3,-2330.55
9458.4,-2330.68
9461.5,-2330.65
9464.7,-2331.21
9467.8,-2331.83
9470.9,-2332.68
9474.0,-2333.11
9477.2,-2333.60
9480.3,-2333.44
9483.4,-2333.62
9486.5,-2334.10
9489.7,-2334.78
9492.8,-2335.73
9495.9,-2336.57
9499.1,-2336.97
9502.2,-2337.25
9505.3,-2337.25
9508.4,-2337.67
9511.6,-2338.26
9514.7,-2339.05
9517.8,-2339.66
9521.0,-2340.20
9524.1,-2340.63
9527.2,-2340.84
9530.3,-2341.41
9533.5,-2341.85
9536.6,-2342.50
9539.7,-2343.09
9542.9,-2344.20
9546.0,-2344.23
9549.1,-2344.53
9552.2,-2344.48
9555.4,-2344.38
9558.5,-2344.33
9561.6,-2344.53
9564.7,-2345.00
9567.9,-2345.81
9571.0,-2346.09
9574.1,-2346.39
9577.3,-2346.38
9580.4,-2346.52
9583.5,-2346.25
9586.6,-2347.09
9589.8,-2347.89
9592.9,-2348.31
9596.0,-2348.82
9599.1,-2349.31
9602.3,-2349.27
9605.4,-2349.72
9608.5,-2350.18
9611.7,-2351.12
9614.8,-2351.95
9617.9,-2352.80
9621.0,-2353.39
9624.2,-2353.68
9627.3,-2353.66
9630.4,-2353.89
9633.6,-2354.37
9636.7,-2355.11
9639.8,-2355.63
9642.9,-2356.48
9646.1,-2356.99
9649.2,-2357.14
9652.3,-2356.98
9655.5,-2356.80
9658.6,-2356.76
9661.7,-2357.31
9664.8,-2358.09
9668.0,-2358.65
9671.1,-2358.92
9674.2,-2359.16
9677.3,-2358.98
9680.5,-2359.26
9683.6,-2359.39
9686.7,-2359.91
9689.9,-2360.67
9693.0,-2361.29
9696.1,-2361.76
9699.2,-2362.52
9702.4,-2362.90
9705.5,-2363.02
9708.6,-2363.76
9711.8,-2364.57
9714.9,-2365.32
9718.0,-2366.21
9721.1,-2366.47
9724.3,-2366.77
9727.4,-2367.23
9730.5,-2368.58
9733.6,-2369.13
9736.8,-2370.25
9739.9,-2370.93
9743.0,-2371.11
9746.2,-2371.16
9749.3,-2371.20
9752.4,-2371.36
9755.5,-2372.34
9758.7,-2373.31
9761.8,-2374.43
9764.9,-2375.08
9768.0,-2375.39
9771.2,-2375.11
9774.3,-2375.20
9777.4,-2375.38
9780.6,-2376.07
9783.7,-2376.88
9786.8,-2378.01
9789.9,-2378.49
9793.1,-2378.90
9796.2,-2378.86
9799.3,-2378.91
9802.5,-2379.40
9805.6,-2380.25
9808.7,-2380.83
9811.8,-2381.81
9815.0,-2381.94
9818.1,-2382.18
9821.2,-2382.25
9824.4,-2382.90
9827.5,-2383.17
9830.6,-2384.41
9833.7,-2385.17
9836.9,-2386.12
9840.0,-2386.79
9843.1,-2387.68
9846.2,-2387.71
9849.4,-2388.12
9852.5,-2388.49
9855.6,-2389.14
9858.8,-2389.77
9861.9,-2390.67
9865.0,-2391.08
9868.1,-2391.60
9871.3,-2391.59
9874.4,-2391.69
9877.5,-2392.09
9880.6,-2393.02
9883.8,-2394.05
9886.9,-2394.94
9890.0,-2395.92
9893.2,-2396.31
9896.3,-2396.68
9899.4,-2397.15
9902.5,-2397.71
9905.7,-2398.41
9908.8,-2399.10
9911.9,-2399.61
9915.1,-2400.05
9918.2,-2400.12
9921.3,-2400.48
9924.4,-2400.77
9927.6,-2401.48
9930.7,-2402.00
9933.8,-2402.59
9937.0,-2402.80
9940.1,-2403.02
9943.2,-2403.29
9946.3,-2403.61
9949.5,-2404.18
9952.6,-2404.71
9955.7,-2405.33
9958.8,-2405.30
9962.0,-2406.04
9965.1,-2406.13
9968.2,-2406.18
9971.4,-2406.18
9974.5,-2406.65
9977.6,-2406.60
9980.7,-2406.85
9983.9,-2406.86
9987.0,-2406.62
9990.1,-2406.14
9993.3,-2406.15
9996.4,-2405.85
9999.5,-2406.18
10002.6,-2406.35
10005.8,-2406.38
10008.9,-2406.21
10012.0,-2406.27
10015.1,-2406.14
10018.3,-2405.99
10021.4,-2406.32
10024.5,-2406.68
10027.7,-2407.62
10030.8,-2408.33
10033.9,-2408.46
10037.0,-2408.34
10040.2,-2408.24
10043.3,-2408.11
10046.4,-2408.22
10049.5,-2409.02
10052.7,-2409.50
10055.8,-2409.81
10058.9,-2409.81
10062.1,-2409.60
10065.2,-2409.17
10068.3,-2409.16
10071.4,-2409.15
10074.6,-2409.74
10077.7,-2410.22
10080.8,-2410.48
10084.0,-2410.22
10087.1,-2409.92
10090.2,-2409.24
10093.3,-2409.17
10096.5,-2409.22
10099.6,-2409.21
10102.7,-2409.22
10105.9,-2409.30
10109.0,-2409.01
10112.1,-2408.44
10115.2,-2408.42
10118.4,-2408.49
10121.5,-2409.02
10124.6,-2409.36
10127.7,-2409.10
10130.9,-2408.94
10134.0,-2408.29
10137.1,-2408.01
10140.3,-2407.82
10143.4,-2408.10
10146.5,-2407.79
10149.6,-2408.29
10152.8,-2408.28
10155.9,-2407.96
10159.0,-2407.64
10162.2,-2407.66
10165.3,-2407.39
10168.4,-2407.39
10171.5,-2407.77
10174.7,-2407.67
10177.8,-2407.82
10180.9,-2408.23
10184.0,-2408.81
10187.2,-2409.14
10190.3,-2409.81
10193.4,-2410.49
10196.6,-2410.83
10199.7,-2411.11
10202.8,-2410.49
10205.9,-2410.13
10209.1,-2409.61
10212.2,-2409.03
10215.3,-2408.50
10218.5,-2408.63
10221.6,-2408.36
10224.7,-2408.39
10227.8,-2408.19
10231.0,-2407.67
10234.1,-2406.81
10237.2,-2406.23
10240.3,-2405.99
10243.5,-2406.00
10246.6,-2406.56
10249.7,-2407.08
10252.9,-2407.05
10256.0,-2406.70
10259.1,-2406.08
10262.2,-2405.77
10265.4,-2405.88
10268.5,-2406.26
10271.6,-2406.73
10274.8,-2407.17
10277.9,-2406.74
10281.0,-2406.46
10284.1,-2405.71
10287.3,-2405.35
10290.4,-2405.37
10293.5,-2405.92
10296.6,-2406.40
10299.8,-2406.52
10302.9,-2406.40
10306.0,-2405.95
10309.2,-2405.32
10312.3,-2404.96
10315.4,-2404.65
10318.5,-2404.79
10321.7,-2404.78
10324.8,-2404.40
10327.9,-2403.88
10331.0,-2403.13
10334.2,-2402.00
10337.3,-2401.43
10340.4,-2401.34
10343.6,-2401.13
10346.7,-2401.19
10349.8,-2401.00
10352.9,-2400.83
10356.1,-2400.39
10359.2,-2400.51
10362.3,-2400.26
10365.5,-2400.08
10368.6,-2400.07
10371.7,-2399.96
10374.8,-2399.49
10378.0,-2399.28
10381.1,-2398.83
10384.2,-2398.97
10387.4,-2398.93
10390.5,-2398.76
10393.6,-2398.68
10396.7,-2398.35
10399.9,-2397.62
10403.0,-2397.13
10406.1,-2396.77
10409.2,-2396.47
10412.4,-2396.28
10415.5,-2396.49
10418.6,-2396.32
10421.8,-2395.94
10424.9,-2395.69
10428.0,-2394.89
10431.1,-2394.69
10434.3,-2394.54
10437.4,-2394.47
10440.5,-2394.51
10443.7,-2394.48
10446.8,-2394.39
10449.9,-2394.32
10453.0,-2394.23
10456.2,-2393.75
10459.3,-2393.87
10462.4,-2394.16
10465.5,-2394.33
10468.7,-2394.29
10471.8,-2394.28
10474.9,-2393.73
10478.1,-2392.80
10481.2,-2391.61
10484.3,-2390.34
10487.4,-2389.25
10490.6,-2388.49
10493.7,-2386.94
10496.8,-2385.06
10500.0,-2382.82
10503.1,-2380.61
10506.2,-2378.27
10509.3,-2376.09
10512.5,-2374.03
10515.6,-2371.69
10518.7,-2368.91
10521.8,-2365.07
10525.0,-2360.64
10528.1,-2355.91
10531.2,-2351.14
10534.4,-2346.58
10537.5,-2342.60
10540.6,-2338.64
10543.7,-2334.51
10546.9,-2330.45
10550.0,-2325.99
10553.1,-2321.94
10556.3,-2318.11
10559.4,-2314.63
10562.5,-2311.30
10565.6,-2307.53
10568.8,-2303.33
10571.9,-2298.36
10575.0,-2293.39
10578.1,-2288.56
10581.3,-2284.04
10584.4,-2280.05
10587.5,-2275.46
10590.7,-2270.92
10593.8,-2266.08
10596.9,-2260.94
10600.0,-2255.99
10603.2,-2251.45
10606.3,-2246.80
10609.4,-2242.22
10612.5,-2237.79
10615.7,-2232.84
10618.8,-2227.75
10621.9,-2222.83
10625.1,-2218.05
10628.2,-2213.39
10631.3,-2209.63
10634.4,-2206.05
10637.6,-2202.44
10640.7,-2198.50
10643.8,-2194.19
10647.0,-2189.69
10650.1,-2185.03
10653.2,-2180.21
10656.3,-2176.08
10659.5,-2171.95
10662.6,-2167.64
10665.7,-2162.71
10668.9,-2157.68
10672.0,-2152.38
10675.1,-2147.03
10678.2,-2142.35
10681.4,-2137.53
10684.5,-2132.68
10687.6,-2127.69
10690.7,-2122.50
10693.9,-2116.66
10697.0,-2110.85
10700.1,-2105.17
10703.3,-2100.02
10706.4,-2095.14
10709.5,-2090.37
10712.6,-2085.78
10715.8,-2080.61
10718.9,-2075.02
10722.0,-2069.48
10725.2,-2064.43
10728.3,-2059.60
10731.4,-2055.04
10734.5,-2051.08
10737.7,-2046.72
10740.8,-2042.52
10743.9,-2038.75
10747.0,-2035.01
10750.2,-2031.43
10753.3,-2028.25
10756.4,-2024.76
10759.6,-2021.33
10762.7,-2017.34
10765.8,-2012.41
10768.9,-2006.68
10772.1,-2000.55
10775.2,-1993.88
10778.3,-1987.38
10781.5,-1981.23
10784.6,-1974.68
10787.7,-1968.28
10790.8,-1962.02
10794.0,-1955.10
10797.1,-1947.75
10800.2,-1940.94
10803.3,-1934.24
10806.5,-1927.43
10809.6,-1920.48
10812.7,-1912.94
10815.9,-1905.07
10819.0,-1896.56
10822.1,-1887.94
10825.2,-1879.22
10828.4,-1870.50
10831.5,-1861.76
10834.6,-1852.88
10837.8,-1844.18
10840.9,-1835.36
10844.0,-1827.00
10847.1,-1819.70
10850.3,-1813.38
10853.4,-1808.00
10856.5,-1802.50
10859.6,-1796.50
10862.8,-1789.92
10865.9,-1783.72
10869.0,-1777.09
10872.2,-1770.92
10875.3,-1764.07
10878.4,-1757.42
10881.5,-1749.88
10884.7,-1742.21
10887.8,-1733.91
10890.9,-1725.47
10894.0,-1716.74
10897.2,-1708.36
10900.3,-1700.19
10903.4,-1693.05
10906.6,-1685.33
10909.7,-1678.10
10912.8,-1670.36
10915.9,-1662.61
10919.1,-1654.66
10922.2,-1647.68
10925.3,-1640.52
10928.5,-1634.02
10931.6,-1627.59
10934.7,-1621.10
10937.8,-1614.37
10941.0,-1607.45
10944.1,-1601.32
10947.2,-1595.22
10950.4,-1590.34
10953.5,-1585.01
10956.6,-1579.79
10959.7,-1574.61
10962.9,-1569.53
10966.0,-1564.20
10969.1,-1559.54
10972.2,-1555.35
10975.4,-1551.51
10978.5,-1547.47
10981.6,-1543.06
10984.8,-1537.83
10987.9,-1532.60
10991.0,-1527.17
10994.1,-1521.91
10997.3,-1517.07
11000.4,-1512.87
11003.5,-1508.39
11006.7,-1504.04
11009.8,-1499.60
11012.9,-1495.13
11016.0,-1490.57
11019.2,-1486.35
11022.3,-1483.02
11025.4,-1480.55
11028.5,-1478.87
11031.7,-1477.69
11034.8,-1476.92
11037.9,-1476.75
11041.1,-1477.50
11044.2,-1479.98
11047.3,-1483.10
11050.4,-1486.65
11053.6,-1490.42
11056.7,-1494.08
11059.8,-1497.30
11063.0,-1500.91
11066.1,-1504.88
11069.2,-1509.97
11072.3,-1515.97
11075.5,-1522.61
11078.6,-1529.89
11081.7,-1537.93
11084.8,-1546.74
11088.0,-1556.37
11091.1,-1566.52
11094.2,-1576.17
11097.4,-1584.84
11100.5,-1593.12
11103.6,-1600.22
11106.7,-1605.33
11109.9,-1610.14
11113.0,-1615.03
11116.1,-1620.46
11119.3,-1626.47
11122.4,-1632.33
11125.5,-1637.20
11128.6,-1640.82
11131.8,-1643.99
11134.9,-1646.31
11138.0,-1648.96
11141.1,-1651.90
11144.3,-1656.19
11147.4,-1661.47
11150.5,-1667.32
11153.7,-1672.84
11156.8,-1678.82
11159.9,-1684.59
11163.0,-1690.23
11166.2,-1696.71
11169.3,-1703.49
11172.4,-1710.71
11175.5,-1718.41
11178.7,-1725.97
11181.8,-1734.29
11184.9,-1743.36
11188.1,-1753.49
11191.2,-1764.05
11194.3,-1775.82
11197.4,-1787.81
11200.6,-1799.55
11203.7,-1811.17
11206.8,-1821.60
11210.0,-1831.32
11213.1,-1840.36
11216.2,-1848.63
11219.3,-1855.77
11222.5,-1862.03
11225.6,-1866.17
11228.7,-1868.76
11231.9,-1870.04
11235.0,-1869.95
11238.1,-1868.30
11241.2,-1866.43
11244.4,-1863.48
11247.5,-1859.68
11250.6,-1855.22
11253.7,-1850.61
11256.9,-1845.50
11260.0,-1840.81
11263.1,-1835.85
11266.3,-1830.79
11269.4,-1825.76
11272.5,-1820.16
11275.6,-1813.84
11278.8,-1806.66
11281.9,-1799.59
11285.0,-1792.08
11288.2,-1785.18
11291.3,-1777.83
11294.4,-1769.94
11297.5,-1760.87
11300.7,-1751.42
11303.8,-1741.17
11306.9,-1731.82
11310.0,-1722.78
11313.2,-1714.35
11316.3,-1704.42
11319.4,-1695.51
11322.6,-1686.70
11325.7,-1678.97
11328.8,-1671.02
11331.9,-1663.66
11335.1,-1656.57
11338.2,-1650.38
11341.3,-1644.63
11344.5,-1639.23
11347.6,-1633.83
11350.7,-1628.98
11353.8,-1624.45
11357.0,-1620.58
11360.1,-1616.94
11363.2,-1614.54
11366.3,-1612.05
11369.5,-1609.94
11372.6,-1608.84
11375.7,-1608.25
11378.9,-1607.59
11382.0,-1606.72
11385.1,-1605.06
11388.2,-1602.70
11391.4,-1599.40
11394.5,-1594.99
11397.6,-1589.21
11400.8,-1582.62
11403.9,-1575.25
11407.0,-1567.86
11410.1,-1560.33
11413.3,-1552.70
11416.4,-1544.02
11419.5,-1535.28
11422.6,-1525.59
11425.8,-1515.25
11428.9,-1504.74
11432.0,-1493.88
11435.2,-1482.77
11438.3,-1471.77
11441.4,-1459.80
11444.5,-1447.68
11447.7,-1434.20
11450.8,-1420.74
11453.9,-1406.00
11457.0,-1391.51
11460.2,-1376.12
11463.3,-1360.77
11466.4,-1343.95
11469.6,-1325.99
11472.7,-1306.02
11475.8,-1284.50
11478.9,-1260.91
11482.1,-1235.28
11485.2,-1206.91
11488.3,-1174.18
11491.5,-1136.63
11494.6,-1090.72
11497.7,-1032.04
11500.8,-961.90
11504.0,-879.24
11507.1,-784.13
11510.2,-680.51
11513.4,-575.91
11516.5,-476.64
11519.6,-387.94
11522.7,-310.78
11525.9,-245.94
11529.0,-191.77
11532.1,-148.34
11535.2,-112.40
11538.4,-84.10
11541.5,-60.55
11544.6,-42.10
11547.8,-25.70
11550.9,-14.40
11554.0,-4.21
11557.1,2.47
11560.3,8.07
11563.4,11.39
11566.5,15.59
11569.7,19.02
11572.8,21.29
11575.9,22.81
11579.0,23.05
11582.2,23.07
11585.3,23.98
11588.4,24.27
11591.5,24.95
11594.7,25.29
11597.8,25.64
11600.9,25.64
11604.1,25.41
11607.2,24.83
11610.3,24.41
11613.4,24.58
11616.6,24.74
11619.7,25.08
11622.8,25.45
11626.0,25.75
11629.1,25.50
11632.2,25.26
11635.3,24.91
11638.5,24.91
11641.6,25.04
11644.7,25.45
11647.8,25.74
11651.0,26.25
11654.1,26.08
11657.2,25.93
11660.4,25.68
11663.5,25.50
11666.6,25.41
11669.7,26.12
11672.9,26.54
11676.0,26.70
11679.1,26.94
11682.3,26.78
11685.4,26.64
11688.5,26.90
11691.6,27.04
11694.8,27.14
11697.9,27.60
11701.0,27.64
11704.1,27.56
11707.3,27.28
11710.4,26.87
11713.5,26.71
11716.7,26.91
11719.8,27.05
11722.9,27.11
11726.0,27.05
11729.2,26.61
11732.3,26.22
11735.4,26.53
11738.5,26.62
11741.7,26.78
11744.8,27.01
11747.9,26.93
11751.1,26.47
11754.2,26.22
11757.3,26.05
11760.4,26.14
11763.6,26.67
11766.7,27.34
11769.8,27.36
11773.0,26.98
11776.1,26.35
11779.2,25.85
11782.3,25.84
11785.5,26.04
11788.6,26.46
11791.7,27.01
11794.9,26.99
11798.0,27.06
11801.1,27.03
11804.2,26.36
11807.4,26.32
11810.5,26.38
11813.6,26.62
11816.7,26.71
11819.9,27.00
11823.0,26.62
11826.1,26.30
11829.3,27.84
11832.4,28.26
11835.5,28.44
11838.6,28.50
11841.8,28.28
11844.9,27.86
11848.0,27.66
11851.2,26.38
11854.3,25.64
11857.4,25.08
11860.5,24.97
11863.7,24.60
11866.8,24.96
11869.9,24.74
11873.0,24.61
11876.2,24.22
11879.3,24.19
11882.4,23.69
11885.6,24.15
11888.7,24.34
11891.8,24.39
11894.9,24.32
11898.1,24.04
11901.2,23.79
11904.3,23.52
11907.5,23.21
11910.6,23.10
11913.7,23.24
11916.8,23.35
11920.0,23.30
11923.1,22.93
11926.2,22.36
11929.3,22.12
11932.5,22.19
11935.6,22.28
11938.7,22.58
11941.9,22.84
11945.0,22.64
11948.1,22.15
11951.2,22.12
11954.4,22.18
11957.5,22.59
11960.6,23.38
11963.8,23.71
11966.9,23.91
11970.0,23.78
11973.1,23.44
11976.3,23.30
11979.4,23.58
11982.5,23.75
11985.6,23.88
11988.8,24.28
11991.9,24.12
11995.0,23.70
11998.2,23.57
12001.3,23.36
12004.4,23.16
12007.5,23.38
12010.7,23.74
12013.8,23.39
12016.9,23.16
12020.0,22.69
12023.2,22.16
12026.3,21.67
12029.4,21.81
12032.6,21.85
12035.7,22.15
12038.8,22.15
12041.9,21.67
12045.1,21.09
12048.2,20.62
12051.3,21.26
12054.5,21.67
12057.6,21.80
12060.7,21.26
12063.8,20.79
12067.0,19.81
12070.1,19.18
12073.2,18.48
12076.4,18.79
12079.5,18.32
12082.6,18.57
12085.7,18.25
12088.9,18.47
12092.0,18.03
12095.1,18.19
12098.2,17.80
12101.4,18.15
12104.5,18.03
12107.6,18.58
12110.8,19.04
12113.9,19.19
12117.0,18.75
12120.1,18.50
12123.3,17.97
12126.4,17.53
12129.5,17.38
12132.7,17.44
12135.8,17.01
12138.9,16.75
12142.0,16.26
12145.2,15.65
12148.3,15.74
12151.4,15.90
12154.5,16.19
12157.7,16.31
12160.8,16.44
12163.9,15.99
12167.1,16.18
12170.2,15.93
12173.3,15.85
12176.4,15.82
12179.6,16.03
12182.7,15.84
12185.8,15.86
12189.0,15.48
12192.1,14.86
12195.2,14.45
12198.3,14.40
12201.5,14.05
12204.6,14.30
12207.7,14.37
12210.8,14.18
12214.0,13.63
12217.1,13.06
12220.2,12.64
12223.4,12.36
12226.5,12.48
12229.6,12.84
12232.7,13.16
12235.9,12.93
12239.0,12.19
12242.1,11.72
12245.3,11.36
12248.4,11.21
12251.5,11.40
12254.6,11.34
12257.8,10.84
12260.9,10.61
12264.0,10.22
12267.1,9.72
12270.3,9.58
12273.4,9.69
12276.5,9.95
12279.7,10.04
12282.8,9.71
12285.9,9.13
12289.0,8.58
12292.2,7.93
12295.3,7.41
12298.4,7.73
12301.5,7.99
12304.7,7.95
12307.8,8.07
12310.9,7.67
12314.1,6.88
12317.2,6.50
12320.3,6.67
12323.4,6.63
12326.6,6.94
12329.7,7.03
12332.8,6.74
12336.0,6.14
12339.1,5.44
12342.2,4.87
12345.3,4.70
12348.5,4.88
12351.6,5.28
12354.7,5.97
12357.9,5.56
12361.0,4.98
12364.1,4.20
12367.2,3.86
12370.4,3.45
12373.5,3.86
12376.6,3.92
12379.7,4.01
12382.9,3.51
12386.0,3.03
12389.1,2.27
12392.3,1.99
12395.4,2.02
12398.5,2.25
12401.6,2.51
12404.8,2.54
12407.9,2.20
12411.0,1.83
12414.2,1.31
12417.3,0.87
12420.4,1.17
12423.5,1.43
12426.7,1.50
12429.8,1.15
12432.9,0.28
12436.0,-0.52
12439.2,-0.73
12442.3,-0.58
12445.4,-0.31
12448.6,0.04
12451.7,0.28
12454.8,-0.08
12457.9,-0.32
12461.1,-0.65
12464.2,-1.04
12467.3,-0.96
12470.5,-0.69
12473.6,-0.39
12476.7,-0.16
12479.8,-0.38
12483.0,-0.71
12486.1,-0.78
12489.2,-0.93
12492.3,-1.08
12495.5,-0.83
12498.6,-0.62
12501.7,-0.59
12504.9,-0.53
12508.0,-0.43
12511.1,-0.72
12514.2,-0.46
12517.4,-0.15
12520.5,0.28
12523.6,0.51
12526.8,0.66
12529.9,0.69
12533.0,0.61
12536.1,0.50
12539.3,0.34
12542.4,0.19
12545.5,-0.00
12548.6,-0.16
12551.8,-0.27
12554.9,-0.83
12558.0,-1.47
12561.2,-1.63
12564.3,-1.49
12567.4,-1.53
12570.5,-1.08
12573.7,-0.82
12576.8,-0.99
12579.9,-1.27
12583.0,-1.82
12586.2,-2.34
12589.3,-2.43
12592.4,-2.24
12595.6,-1.98
12598.7,-1.83
12601.8,-1.82
12604.9,-2.37
12608.1,-2.72
12611.2,-2.80
12614.3,-2.70
12617.5,-2.03
12620.6,-1.34
12623.7,-1.10
12626.8,-0.99
12630.0,-0.93
12633.1,-1.31
12636.2,-1.41
12639.4,-1.25
12642.5,-1.09
12645.6,-0.73
12648.7,-0.62
12651.9,-0.88
12655.0,-1.19
12658.1,-1.30
12661.2,-1.44
12664.4,-1.37
12667.5,-0.90
12670.6,-1.00
12673.8,-1.02
12676.9,-1.32
12680.0,-1.62
12683.1,-1.51
12686.3,-1.24
12689.4,-0.96
12692.5,-0.67
12695.7,-0.26
12698.8,-0.59
12701.9,-1.07
12705.0,-1.57
12708.2,-1.75
12711.3,-1.44
12714.4,-0.94
12717.5,-0.79
12720.7,-0.89
12723.8,-1.44
12726.9,-2.42
12730.1,-3.00
12733.2,-3.11
12736.3,-3.10
12739.4,-2.73
12742.6,-2.43
12745.7,-2.32
12748.8,-2.39
12752.0,-2.86
12755.1,-3.49
12758.2,-3.40
12761.3,-3.00
12764.5,-3.04
12767.6,-2.84
12770.7,-2.58
12773.8,-2.81
12777.0,-3.07
12780.1,-3.20
12783.2,-3.13
12786.4,-2.67
12789.5,-2.07
12792.6,-1.78
12795.7,-1.71
12798.9,-1.92
12802.0,-1.96
12805.1,-1.70
12808.3,-1.26
12811.4,-0.99
12814.5,-0.70
12817.6,-0.48
12820.8,-1.00
12823.9,-1.56
12827.0,-1.73
12830.1,-1.72
12833.3,-1.32
12836.4,-0.79
12839.5,-0.56
12842.7,-0.55
12845.8,-1.08
12848.9,-1.55
12852.0,-1.93
12855.2,-1.84
12858.3,-1.47
12861.4,-0.68
12864.5,-0.66
12867.7,-0.94
12870.8,-1.40
12873.9,-1.99
12877.1,-2.40
12880.2,-1.75
12883.3,-1.00
12886.4,-0.47
12889.6,0.10
12892.7,0.08
12895.8,-0.77
12899.0,-1.16
12902.1,-1.33
12905.2,-0.99
12908.3,-0.27
12911.5,0.45
12914.6,0.63
12917.7,0.45
12920.9,0.12
12924.0,-0.41
12927.1,-0.26
12930.2,0.18
12933.4,0.43
12936.5,1.04
12939.6,1.38
12942.7,0.88
12945.9,0.62
12949.0,0.63
12952.1,0.64
12955.3,0.95
12958.4,1.44
12961.5,1.75
12964.6,1.53
12967.8,0.99
12970.9,0.53
12974.0,-0.00
12977.2,-0.05
12980.3,-0.08
12983.4,0.13
12986.5,0.30
12989.7,0.20
12992.8,0.10
12995.9,-0.06
12999.0,-0.21
13002.2,-0.21
13005.3,-0.10
13008.4,0.09
13011.6,0.53
13014.7,0.74
13017.8,0.68
13020.9,0.50
13024.1,0.23
13027.2,0.13
13030.3,0.16
13033.5,0.39
13036.6,0.74
13039.7,1.08
13042.8,1.24
13046.0,0.97
13049.1,0.97
13052.2,0.97
13055.3,1.18
13058.5,1.44
13061.6,1.64
13064.7,1.49
13067.9,1.36
13071.0,1.46
13074.1,1.37
13077.2,1.47
13080.4,2.15
13083.5,2.59
13086.6,2.55
13089.8,2.20
13092.9,1.84
13096.0,1.52
13099.1,1.82
13102.3,2.28
13105.4,2.93
13108.5,3.12
13111.6,3.09
13114.8,2.89
13117.9,2.56
13121.0,2.48
13124.2,2.58
13127.3,3.06
13130.4,3.31
13133.5,3.27
13136.7,3.20
13139.8,2.62
13142.9,2.28
13146.0,2.32
13149.2,2.40
13152.3,2.81
13155.4,3.30
13158.6,3.58
13161.7,3.39
13164.8,3.10
13167.9,2.80
13171.1,2.64
13174.2,2.87
13177.3,3.32
13180.5,3.81
13183.6,3.87
13186.7,3.29
13189.8,2.80
13193.0,2.50
13196.1,2.11
13199.2,2.26
13202.4,2.72
13205.5,2.81
13208.6,2.83
13211.7,2.48
13214.9,1.90
13218.0,1.64
13221.1,1.95
13224.2,2.31
13227.4,2.88
13230.5,3.57
13233.6,3.58
13236.8,3.36
13239.9,3.06
13243.0,2.51
13246.1,2.52
13249.3,3.04
13252.4,3.30
13255.5,3.70
13258.7,4.27
13261.8,4.12
13264.9,3.81
13268.0,3.56
13271.2,3.22
13274.3,3.06
13277.4,3.40
13280.5,3.58
13283.7,3.06
13286.8,2.78
13289.9,2.33
13293.1,2.02
13296.2,2.11
13299.3,2.28
13302.4,2.67
13305.6,2.67
13308.7,2.30
13311.8,2.07
13315.0,1.88
13318.1,1.84
13321.2,2.18
13324.3,2.74
13327.5,2.70
13330.6,2.56
13333.7,2.04
13336.8,1.22
13340.0,0.77
13343.1,1.04
13346.2,1.34
13349.4,1.59
13352.5,1.56
13355.6,1.06
13358.7,0.56
13361.9,0.21
13365.0,0.18
13368.1,0.63
13371.3,1.42
13374.4,1.75
13377.5,2.03
13380.6,2.10
13383.8,1.84
13386.9,1.53
13390.0,1.71
13393.1,1.62
13396.3,1.89
13399.4,2.26
13402.5,2.08
13405.7,1.39
13408.8,0.94
13411.9,0.43
13415.0,0.13
13418.2,0.18
13421.3,0.27
13424.4,0.31
13427.5,0.10
13430.7,-0.38
13433.8,-1.02
13436.9,-1.40
13440.1,-1.67
13443.2,-1.92
13446.3,-1.75
13449.4,-1.86
13452.6,-2.00
13455.7,-2.28
13458.8,-2.76
13462.0,-3.02
13465.1,-3.10
13468.2,-3.14
13471.3,-3.30
13474.5,-3.20
13477.6,-3.22
13480.7,-3.43
13483.9,-3.79
13487.0,-3.90
13490.1,-3.75
13493.2,-3.61
13496.4,-3.46
13499.5,-3.27
13502.6,-3.05
13505.7,-3.32
13508.9,-3.35
13512.0,-3.41
13515.1,-3.88
13518.3,-3.88
13521.4,-3.78
13524.5,-3.86
13527.6,-4.09
13530.8,-4.25
13533.9,-4.61
13537.0,-4.83
13540.2,-4.66
13543.3,-4.52
13546.4,-4.65
13549.5,-4.79
13552.7,-5.06
13555.8,-5.27
13558.9,-5.39
13562.0,-5.42
13565.2,-5.37
13568.3,-5.07
13571.4,-5.24
13574.6,-5.44
13577.7,-5.61
13580.8,-5.71
13583.9,-5.57
13587.1,-5.26
13590.2,-4.77
13593.3,-4.53
13596.5,-4.33
13599.6,-4.30
13602.7,-4.60
13605.8,-4.67
13609.0,-4.66
13612.1,-4.31
13615.2,-3.77
13618.3,-3.39
13621.5,-3.28
13624.6,-3.55
13627.7,-4.15
13630.9,-4.49
13634.0,-4.28
13637.1,-4.02
13640.2,-3.55
13643.4,-3.05
13646.5,-3.06
13649.6,-3.59
13652.8,-4.23
13655.9,-4.67
13659.0,-4.76
13662.1,-4.27
13665.3,-4.27
13668.4,-4.50
13671.5,-4.89
13674.6,-5.92
13677.8,-6.75
13680.9,-7.19
13684.0,-7.10
13687.2,-6.88
13690.3,-6.47
13693.4,-6.58
13696.5,-7.29
13699.7,-7.87
13702.8,-8.58
13705.9,-9.18
13709.0,-8.85
13712.2,-8.45
13715.3,-8.37
13718.4,-8.16
13721.6,-8.31
13724.7,-8.96
13727.8,-9.35
13730.9,-9.55
13734.1,-9.59
13737.2,-9.42
13740.3,-9.21
13743.5,-9.31
13746.6,-9.80
13749.7,-10.17
13752.8,-10.68
13756.0,-10.75
13759.1,-10.81
13762.2,-10.73
13765.4,-10.56
13768.5,-10.94
13771.6,-11.55
13774.7,-11.94
13777.9,-12.23
13781.0,-12.25
13784.1,-12.26
13787.2,-12.49
13790.4,-12.80
13793.5,-13.18
13796.6,-13.62
13799.8,-13.86
13802.9,-13.84
13806.0,-14.02
13809.1,-14.15
13812.3,-14.32
13815.4,-14.72
13818.5,-15.45
13821.7,-15.73
13824.8,-16.17
13827.9,-16.10
13831.0,-15.63
13834.2,-15.30
13837.3,-15.13
13840.4,-15.20
13843.5,-15.62
13846.7,-16.35
13849.8,-16.71
13852.9,-16.72
13856.1,-16.70
13859.2,-16.35
13862.3,-16.35
13865.4,-16.51
13868.6,-16.88
13871.7,-17.49
13874.8,-17.70
13878.0,-17.29
13881.1,-16.99
13884.2,-16.56
13887.3,-15.96
13890.5,-15.91
13893.6,-15.95
13896.7,-15.90
13899.8,-15.87
13903.0,-15.99
13906.1,-15.97
13909.2,-15.67
13912.4,-15.74
13915.5,-15.97
13918.6,-16.49
13921.7,-16.85
13924.9,-16.96
13928.0,-17.34
13931.1,-17.45
13934.3,-17.55
13937.4,-18.05
13940.5,-18.69
13943.6,-19.15
13946.8,-19.81
13949.9,-20.04
13953.0,-20.17
13956.1,-20.38
13959.3,-20.59
13962.4,-20.66
13965.5,-21.23
13968.7,-21.83
13971.8,-21.82
13974.9,-21.99
13978.0,-22.22
13981.2,-21.79
13984.3,-21.55
13987.4,-21.40
13990.5,-21.44
13993.7,-21.55
13996.8,-21.65
13999.9,-21.45
14003.1,-21.24
14006.2,-21.27
14009.3,-21.13
14012.4,-21.40
14015.6,-22.12
14018.7,-22.44
14021.8,-22.51
14025.0,-22.39
14028.1,-21.62
14031.2,-20.79
14034.3,-20.75
14037.5,-20.92
14040.6,-21.26
14043.7,-21.70
14046.9,-21.88
14050.0,-21.95
14053.1,-21.76
14056.2,-21.57
14059.4,-21.46
14062.5,-21.90
14065.6,-22.56
14068.7,-23.27
14071.9,-23.73
